ID,Main Category,Sub Category,Address,Suburb,Opening Times,Age Range,Cost,Kids Eat Free,Indoor/Outdoor,Wheelchair Friendly,Latitude,Longitude,Image URL,User ID,Verify Before Launch
1,Activity,Beach,"Lawrence Hargrave Drive, Austinmer NSW 2515",Austinmer,24/7,0-99,Free,N/A,Outdoor,Partial,-34.3083,150.9389,https://images.unsplash.com/photo-1507525428034-b723cf961d3e?w=1080&q=80,,No
2,Activity,Beach,"Avalon Parade, Avalon Beach NSW 2107",Avalon,24/7,0-99,Free,N/A,Outdoor,Partial,-33.6353,151.3286,https://images.unsplash.com/photo-1507525428034-b723cf961d3e?w=1080&q=80,,No
3,Activity,Beach,"Avoca Drive, Avoca Beach NSW 2251",Avoca Beach,24/7,0-99,Free,N/A,Outdoor,Partial,-33.4683,151.4361,https://images.unsplash.com/photo-1507525428034-b723cf961d3e?w=1080&q=80,,No
4,Activity,Beach,"The Esplanade, Balmoral NSW 2088",Balmoral,24/7,0-99,Free,N/A,Outdoor,Yes,-33.8253,151.252,https://images.unsplash.com/photo-1507525428034-b723cf961d3e?w=1080&q=80,,No
5,Activity,Beach,"Memorial Drive, Bar Beach NSW 2300",Bar Beach,24/7,0-99,Free,N/A,Outdoor,Partial,-32.9358,151.77,https://images.unsplash.com/photo-1507525428034-b723cf961d3e?w=1080&q=80,,No
6,Activity,Beach,"Campbell Parade, Bondi Beach NSW 2026",Bondi Beach,24/7,0-99,Free,N/A,Outdoor,Partial,-33.8915,151.2767,https://images.unsplash.com/photo-1507525428034-b723cf961d3e?w=1080&q=80,,No
7,Activity,Beach,"Bronte Road, Bronte NSW 2024",Bronte,24/7,0-99,Free,N/A,Outdoor,Partial,-33.9047,151.2639,https://images.unsplash.com/photo-1507525428034-b723cf961d3e?w=1080&q=80,,No
8,Activity,Beach,"Bay Street, Byron Bay NSW 2481",Byron Bay,24/7,0-99,Free,N/A,Outdoor,Partial,-28.6431,153.6122,https://images.unsplash.com/photo-1507525428034-b723cf961d3e?w=1080&q=80,,No
9,Activity,Beach,"Tallow Beach Road, Byron Bay NSW 2481",Byron Bay,24/7,0-99,Free,N/A,Outdoor,No,-28.6661,153.6258,https://images.unsplash.com/photo-1507525428034-b723cf961d3e?w=1080&q=80,,No
10,Activity,Beach,"Clovelly Road, Clovelly NSW 2031",Clovelly,24/7,0-99,Free,N/A,Outdoor,Partial,-33.9136,151.2628,https://images.unsplash.com/photo-1507525428034-b723cf961d3e?w=1080&q=80,,No
11,Activity,Beach,"Ocean Parade, Coffs Harbour NSW 2450",Coffs Harbour,24/7,0-99,Free,N/A,Outdoor,Partial,-30.295,153.1281,https://images.unsplash.com/photo-1507525428034-b723cf961d3e?w=1080&q=80,,No
12,Activity,Beach,"Pittwater Road, Collaroy NSW 2097",Collaroy,24/7,0-99,Free,N/A,Outdoor,Partial,-33.7339,151.3017,https://images.unsplash.com/photo-1507525428034-b723cf961d3e?w=1080&q=80,,No
13,Activity,Beach,"Arden Street, Coogee NSW 2034",Coogee,24/7,0-99,Free,N/A,Outdoor,Partial,-33.9203,151.257,https://images.unsplash.com/photo-1507525428034-b723cf961d3e?w=1080&q=80,,No
14,Activity,Beach,"Kingsway, Cronulla NSW 2230",Cronulla,24/7,0-99,Free,N/A,Outdoor,Partial,-34.0577,151.1547,https://images.unsplash.com/photo-1507525428034-b723cf961d3e?w=1080&q=80,,No
15,Activity,Beach,"The Strand, Dee Why NSW 2099",Dee Why,24/7,0-99,Free,N/A,Outdoor,Partial,-33.7517,151.2997,https://images.unsplash.com/photo-1507525428034-b723cf961d3e?w=1080&q=80,,No
16,Activity,Beach,"Owen Street, Huskisson NSW 2540",Huskisson,24/7,0-99,Free,N/A,Outdoor,Partial,-35.0381,150.6722,https://images.unsplash.com/photo-1507525428034-b723cf961d3e?w=1080&q=80,,No
17,Activity,Beach,"Beach Road, Hyams Beach NSW 2540",Hyams Beach,24/7,0-99,Free,N/A,Outdoor,Partial,-35.1058,150.6967,https://images.unsplash.com/photo-1507525428034-b723cf961d3e?w=1080&q=80,,No
18,Activity,Beach,"North Steyne, Manly NSW 2095",Manly,24/7,0-99,Free,N/A,Outdoor,Partial,-33.7969,151.2876,https://images.unsplash.com/photo-1507525428034-b723cf961d3e?w=1080&q=80,,No
19,Activity,Beach,"Marine Parade, Manly NSW 2095",Manly,24/7,0-99,Free,N/A,Outdoor,Partial,-33.8019,151.2942,https://images.unsplash.com/photo-1507525428034-b723cf961d3e?w=1080&q=80,,No
20,Activity,Beach,"Marine Parade, Maroubra NSW 2035",Maroubra,24/7,0-99,Free,N/A,Outdoor,Partial,-33.9483,151.2589,https://images.unsplash.com/photo-1507525428034-b723cf961d3e?w=1080&q=80,,No
21,Activity,Beach,"Frederick Street, Merewether NSW 2291",Merewether,24/7,0-99,Free,N/A,Outdoor,Partial,-32.945,151.76,https://images.unsplash.com/photo-1507525428034-b723cf961d3e?w=1080&q=80,,No
22,Activity,Beach,"Mitchell Parade, Mollymook NSW 2539",Mollymook,24/7,0-99,Free,N/A,Outdoor,Partial,-35.3322,150.475,https://images.unsplash.com/photo-1507525428034-b723cf961d3e?w=1080&q=80,,No
23,Activity,Beach,"Ocean Street, Narrabeen NSW 2101",Narrabeen,24/7,0-99,Free,N/A,Outdoor,Partial,-33.7058,151.3017,https://images.unsplash.com/photo-1507525428034-b723cf961d3e?w=1080&q=80,,No
24,Activity,Beach,"Nobbys Road, Newcastle NSW 2300",Newcastle,24/7,0-99,Free,N/A,Outdoor,Partial,-32.9183,151.7942,https://images.unsplash.com/photo-1507525428034-b723cf961d3e?w=1080&q=80,,No
25,Activity,Beach,"Ocean Road, Palm Beach NSW 2108",Palm Beach,24/7,0-99,Free,N/A,Outdoor,Partial,-33.5953,151.3263,https://images.unsplash.com/photo-1507525428034-b723cf961d3e?w=1080&q=80,,No
26,Activity,Beach,"William Street, Port Macquarie NSW 2444",Port Macquarie,24/7,0-99,Free,N/A,Outdoor,Partial,-31.4297,152.9089,https://images.unsplash.com/photo-1507525428034-b723cf961d3e?w=1080&q=80,,No
27,Activity,Beach,"Pacific Drive, Port Macquarie NSW 2444",Port Macquarie,24/7,0-99,Free,N/A,Outdoor,Partial,-31.4456,152.9244,https://images.unsplash.com/photo-1507525428034-b723cf961d3e?w=1080&q=80,,No
28,Activity,Beach,"Shoal Bay Road, Shoal Bay NSW 2315",Shoal Bay,24/7,0-99,Free,N/A,Outdoor,Yes,-32.7178,152.17,https://images.unsplash.com/photo-1507525428034-b723cf961d3e?w=1080&q=80,,No
29,Activity,Beach,"The Esplanade, Terrigal NSW 2260",Terrigal,24/7,0-99,Free,N/A,Outdoor,Partial,-33.4475,151.4458,https://images.unsplash.com/photo-1507525428034-b723cf961d3e?w=1080&q=80,,No
30,Activity,Beach,"The Esplanade, The Entrance NSW 2261",The Entrance,24/7,0-99,Free,N/A,Outdoor,Partial,-33.3389,151.4969,https://images.unsplash.com/photo-1507525428034-b723cf961d3e?w=1080&q=80,,No
31,Activity,Beach,"Cliff Parade, Thirroul NSW 2515",Thirroul,24/7,0-99,Free,N/A,Outdoor,Partial,-34.3158,150.9272,https://images.unsplash.com/photo-1507525428034-b723cf961d3e?w=1080&q=80,,No
32,Activity,Beach,"Greycliffe Avenue, Vaucluse NSW 2030",Vaucluse,24/7,0-99,Free,N/A,Outdoor,Yes,-33.8531,151.27,https://images.unsplash.com/photo-1507525428034-b723cf961d3e?w=1080&q=80,,No
33,Activity,Beach,"Marine Parade, Watsons Bay NSW 2030",Watsons Bay,24/7,0-99,Free,N/A,Outdoor,Yes,-33.8388,151.281,https://images.unsplash.com/photo-1507525428034-b723cf961d3e?w=1080&q=80,,No
34,Activity,Beach,"Cliff Road, Wollongong NSW 2500",Wollongong,24/7,0-99,Free,N/A,Outdoor,Partial,-34.4244,150.9011,https://images.unsplash.com/photo-1507525428034-b723cf961d3e?w=1080&q=80,,No
35,Activity,Bowling,"33 Showground Road, Castle Hill NSW 2154",Castle Hill,"Mon-Thu 10am-10pm, Fri-Sat 10am-12am, Sun 10am-10pm",5-99,$$,N/A,Indoor,Yes,-33.73,151.005,https://images.unsplash.com/photo-1538511800-4c97d6c39b9c?w=1080&q=80,,Yes
36,Activity,Bowling,"12-14 The Galeries, Sydney NSW 2000",Sydney,Mon-Sun 11am-12am,5-99,$$,N/A,Indoor,Yes,-33.8736,151.2069,https://images.unsplash.com/photo-1538511800-4c97d6c39b9c?w=1080&q=80,,Yes
37,Activity,Bowling,"161 Bridge Road, Westmead NSW 2145",Westmead,Mon-Sun 10am-12am,5-99,$$,N/A,Indoor,Yes,-33.8083,150.9886,https://images.unsplash.com/photo-1538511800-4c97d6c39b9c?w=1080&q=80,,Yes
38,Activity,Ice Skating,"26 Phillips Avenue, Canterbury NSW 2193",Canterbury,"Mon-Fri 10am-9pm, Sat-Sun 9am-9pm",5-99,$$,N/A,Indoor,Yes,-33.9117,151.1106,https://images.unsplash.com/photo-1551698618-1dfe5d97d256?w=1080&q=80,,Yes
39,Activity,Ice Skating,"Cnr Waterloo & Herring Roads, North Ryde NSW 2113",North Ryde,"Mon-Fri 10am-9pm, Sat-Sun 9am-9pm",5-99,$$,N/A,Indoor,Yes,-33.7775,151.1147,https://images.unsplash.com/photo-1551698618-1dfe5d97d256?w=1080&q=80,,Yes
40,Activity,Ice Skating,"31 Lugard Street, Penrith NSW 2750",Penrith,"Mon-Fri 10am-9pm, Sat-Sun 9am-9pm",5-99,$$,N/A,Indoor,Yes,-33.7531,150.6839,https://images.unsplash.com/photo-1551698618-1dfe5d97d256?w=1080&q=80,,Yes
41,Activity,Indoor Play,"30 Bowden Street, Alexandria NSW 2015",Alexandria,"Mon-Thu 10am-8pm, Fri 10am-9pm, Sat 9am-9pm, Sun 9am-8pm",3-16,$$,N/A,Indoor,Yes,-33.9089,151.1956,https://images.unsplash.com/photo-1601758124510-52d02ddb7cbd?w=1080&q=80,,No
42,Activity,Indoor Play,"2-10 Williams Parade, Alexandria NSW 2015",Alexandria,"Mon-Thu 10am-8pm, Fri 10am-9pm, Sat 9am-9pm, Sun 9am-8pm",3-16,$$,N/A,Indoor,Yes,-33.9067,151.1922,https://images.unsplash.com/photo-1601758124510-52d02ddb7cbd?w=1080&q=80,,No
43,Activity,Indoor Play,"Stanley Street, Bankstown NSW 2200",Bankstown,Mon-Sun 10am-9pm,3-16,$$,N/A,Indoor,Yes,-33.9189,151.0339,https://images.unsplash.com/photo-1601758124510-52d02ddb7cbd?w=1080&q=80,,Yes
44,Activity,Indoor Play,"Pittwater Road, Brookvale NSW 2100",Brookvale,"Mon-Thu 10am-8pm, Fri 10am-9pm, Sat 9am-9pm, Sun 9am-8pm",3-16,$$,N/A,Indoor,Yes,-33.7672,151.27,https://images.unsplash.com/photo-1601758124510-52d02ddb7cbd?w=1080&q=80,,Yes
45,Activity,Indoor Play,"Macarthur Square, Gilchrist Drive, Campbelltown NSW 2560",Campbelltown,"Mon-Thu 10am-8pm, Fri 10am-9pm, Sat 9am-9pm, Sun 9am-8pm",3-16,$$,N/A,Indoor,Yes,-34.0667,150.8167,https://images.unsplash.com/photo-1601758124510-52d02ddb7cbd?w=1080&q=80,,Yes
46,Activity,Indoor Play,"11 Hume Highway, Chullora NSW 2190",Chullora,"Mon-Thu 10am-8pm, Fri 10am-9pm, Sat 9am-9pm, Sun 9am-8pm",3-16,$$,N/A,Indoor,Yes,-33.8861,151.0625,https://images.unsplash.com/photo-1601758124510-52d02ddb7cbd?w=1080&q=80,,No
47,Activity,Indoor Play,"200 Pacific Highway, Coffs Harbour NSW 2450",Coffs Harbour,"Mon-Thu 10am-8pm, Fri 10am-9pm, Sat 9am-9pm, Sun 9am-8pm",3-16,$$,N/A,Indoor,Yes,-30.295,153.1281,https://images.unsplash.com/photo-1601758124510-52d02ddb7cbd?w=1080&q=80,,Yes
48,Activity,Indoor Play,"101 Glendenning Road, Glendenning NSW 2761",Glendenning,Mon-Sun 10am-5pm,3-16,$$,N/A,Indoor,Yes,-33.7517,150.8492,https://images.unsplash.com/photo-1601758124510-52d02ddb7cbd?w=1080&q=80,,Yes
49,Activity,Indoor Play,"4 Acacia Road, Kirrawee NSW 2232",Kirrawee,Mon-Sun 10am-10pm,3-16,$$,N/A,Indoor,Yes,-34.0344,151.0697,https://images.unsplash.com/photo-1601758124510-52d02ddb7cbd?w=1080&q=80,,Yes
50,Activity,Indoor Play,"4/82 Mars Road, Lane Cove NSW 2066",Lane Cove,Mon-Sun 10am-10pm,3-16,$$,N/A,Indoor,Yes,-33.8133,151.1717,https://images.unsplash.com/photo-1601758124510-52d02ddb7cbd?w=1080&q=80,,Yes
51,Activity,Indoor Play,"14 Ricketty Street, Mascot NSW 2020",Mascot,Mon-Sun 10am-10pm,3-16,$$,N/A,Indoor,Yes,-33.93,151.1933,https://images.unsplash.com/photo-1601758124510-52d02ddb7cbd?w=1080&q=80,,Yes
52,Activity,Indoor Play,"2/5 Box Road, Miranda NSW 2228",Miranda,"Mon-Thu 10am-8pm, Fri 10am-9pm, Sat 9am-9pm, Sun 9am-8pm",3-16,$$,N/A,Indoor,Yes,-34.0367,151.1019,https://images.unsplash.com/photo-1601758124510-52d02ddb7cbd?w=1080&q=80,,Yes
53,Activity,Indoor Play,"Heathcote Road, Moorebank NSW 2170",Moorebank,"Mon-Thu 10am-8pm, Fri 10am-9pm, Sat 9am-9pm, Sun 9am-8pm",3-16,$$,N/A,Indoor,Yes,-33.9526,150.951,https://images.unsplash.com/photo-1601758124510-52d02ddb7cbd?w=1080&q=80,,Yes
54,Activity,Indoor Play,"Macquarie Centre, Herring Road, North Ryde NSW 2113",North Ryde,"Mon-Thu 10am-8pm, Fri 10am-9pm, Sat 9am-9pm, Sun 9am-8pm",3-16,$$,N/A,Indoor,Yes,-33.7775,151.1147,https://images.unsplash.com/photo-1601758124510-52d02ddb7cbd?w=1080&q=80,,Yes
55,Activity,Indoor Play,"39 Brookhollow Avenue, Norwest NSW 2153",Norwest,Mon-Sun 10am-6pm,3-16,$$,N/A,Indoor,Yes,-33.7333,150.9444,https://images.unsplash.com/photo-1601758124510-52d02ddb7cbd?w=1080&q=80,,Yes
56,Activity,Indoor Play,"123 Carlton Crescent, Penrith NSW 2750",Penrith,Mon-Sun 10am-9pm,3-16,$$,N/A,Indoor,Yes,-33.7531,150.6839,https://images.unsplash.com/photo-1601758124510-52d02ddb7cbd?w=1080&q=80,,Yes
57,Activity,Indoor Play,"Sky Zone Penrith, 13 Lemko Place, Penrith NSW 2750",Penrith,"Mon-Thu 10am-8pm, Fri 10am-9pm, Sat 9am-9pm, Sun 9am-8pm",3-16,$$,N/A,Indoor,Yes,-33.7531,150.6839,https://images.unsplash.com/photo-1601758124510-52d02ddb7cbd?w=1080&q=80,,Yes
58,Activity,Indoor Play,"5 Stanton Road, Seven Hills NSW 2147",Seven Hills,"Mon-Fri 10am-8pm, Sat-Sun 9am-6pm",3-16,$$,N/A,Indoor,Yes,-33.7706,150.9356,https://images.unsplash.com/photo-1601758124510-52d02ddb7cbd?w=1080&q=80,,Yes
59,Activity,Indoor Play,"2 Slough Avenue, Silverwater NSW 2128",Silverwater,"Mon-Thu 10am-8pm, Fri 10am-9pm, Sat 9am-9pm, Sun 9am-8pm",3-16,$$,N/A,Indoor,Yes,-33.8311,151.0539,https://images.unsplash.com/photo-1601758124510-52d02ddb7cbd?w=1080&q=80,,No
60,Activity,Indoor Play,"1 Slough Avenue, Silverwater NSW 2128",Silverwater,Mon-Sun 10am-9pm,3-16,$$,N/A,Indoor,Yes,-33.8311,151.0539,https://images.unsplash.com/photo-1601758124510-52d02ddb7cbd?w=1080&q=80,,Yes
61,Activity,Indoor Play,"71 Stubbs Street, Silverwater NSW 2128",Silverwater,Mon-Sun 10am-10pm,3-16,$$,N/A,Indoor,Yes,-33.8311,151.0539,https://images.unsplash.com/photo-1601758124510-52d02ddb7cbd?w=1080&q=80,,Yes
62,Activity,Indoor Play,"12 Atchison Street, St Leonards NSW 2065",St Leonards,Mon-Sun 10am-10pm,3-16,$$,N/A,Indoor,Yes,-33.8233,151.1942,https://images.unsplash.com/photo-1601758124510-52d02ddb7cbd?w=1080&q=80,,Yes
63,Activity,Indoor Play,"28 Burrows Road, St Peters NSW 2044",St Peters,Mon-Sun 10am-10pm,3-16,$$,N/A,Indoor,Yes,-33.9156,151.1817,https://images.unsplash.com/photo-1601758124510-52d02ddb7cbd?w=1080&q=80,,Yes
64,Activity,Indoor Play,"31 Cosgrove Road, Strathfield South NSW 2136",Strathfield South,Mon-Sun 10am-5pm,3-16,$$,N/A,Indoor,Yes,-33.8786,151.0822,https://images.unsplash.com/photo-1601758124510-52d02ddb7cbd?w=1080&q=80,,Yes
65,Activity,Indoor Play,"89 York Street, Sydney NSW 2000",Sydney,Mon-Sun 10am-10pm,3-16,$$,N/A,Indoor,Yes,-33.8669,151.2056,https://images.unsplash.com/photo-1601758124510-52d02ddb7cbd?w=1080&q=80,,Yes
66,Activity,Indoor Play,"14 Ace Crescent, Tuggerah NSW 2259",Tuggerah,"Mon-Thu 10am-8pm, Fri 10am-9pm, Sat 9am-9pm, Sun 9am-8pm",3-16,$$,N/A,Indoor,Yes,-33.3036,151.4178,https://images.unsplash.com/photo-1601758124510-52d02ddb7cbd?w=1080&q=80,,Yes
67,Activity,Indoor Play,"Bounce Inc, Pioneer Avenue, Tuggerah NSW 2259",Tuggerah,"Mon-Thu 10am-8pm, Fri 10am-9pm, Sat 9am-9pm, Sun 9am-8pm",3-16,$$,N/A,Indoor,Yes,-33.3036,151.4178,https://images.unsplash.com/photo-1601758124510-52d02ddb7cbd?w=1080&q=80,,Yes
68,Activity,Indoor Play,"26 Industrial Road, Unanderra NSW 2526",Unanderra,"Mon-Thu 10am-8pm, Fri 10am-9pm, Sat 9am-9pm, Sun 9am-8pm",3-16,$$,N/A,Indoor,Yes,-34.4561,150.8467,https://images.unsplash.com/photo-1601758124510-52d02ddb7cbd?w=1080&q=80,,Yes
69,Activity,Indoor Play,"17 Throsby Street, Wickham NSW 2293",Wickham,"Mon-Fri 10am-8pm, Sat-Sun 9am-6pm",3-16,$$,N/A,Indoor,Yes,-32.9211,151.7556,https://images.unsplash.com/photo-1601758124510-52d02ddb7cbd?w=1080&q=80,,Yes
70,Activity,Indoor Play,"16-20 William Street, Wollongong NSW 2500",Wollongong,Mon-Sun 10am-9pm,3-16,$$,N/A,Indoor,Yes,-34.4244,150.8911,https://images.unsplash.com/photo-1601758124510-52d02ddb7cbd?w=1080&q=80,,Yes
71,Activity,Library,"80 Rickard Road, Bankstown NSW 2200",Bankstown,"Mon-Fri 9am-8pm, Sat 9am-5pm, Sun 10am-4pm",0-99,Free,N/A,Indoor,Yes,-33.9189,151.0339,https://images.unsplash.com/photo-1521587760476-6c12a4b040da?w=1080&q=80,,Yes
72,Activity,Library,"409 Victoria Avenue, Chatswood NSW 2067",Chatswood,"Mon-Fri 9am-9pm, Sat-Sun 10am-5pm",0-99,Free,N/A,Indoor,Yes,-33.7976,151.1828,https://images.unsplash.com/photo-1521587760476-6c12a4b040da?w=1080&q=80,,No
73,Activity,Library,"186 Glebe Point Road, Glebe NSW 2037",Glebe,"Mon-Fri 9am-7pm, Sat 10am-4pm, Sun closed",0-99,Free,N/A,Indoor,Yes,-33.8794,151.1856,https://images.unsplash.com/photo-1521587760476-6c12a4b040da?w=1080&q=80,,Yes
74,Activity,Library,"28-44 George Street, Hornsby NSW 2077",Hornsby,"Mon-Fri 9am-8pm, Sat 9am-5pm, Sun 10am-4pm",0-99,Free,N/A,Indoor,Yes,-33.7039,151.0989,https://images.unsplash.com/photo-1521587760476-6c12a4b040da?w=1080&q=80,,Yes
75,Activity,Library,"1 Market Place, Manly NSW 2095",Manly,"Mon-Fri 9am-8pm, Sat 9am-5pm, Sun 10am-4pm",0-99,Free,N/A,Indoor,Yes,-33.7989,151.2861,https://images.unsplash.com/photo-1521587760476-6c12a4b040da?w=1080&q=80,,Yes
76,Activity,Library,"Civic Centre, Mosman NSW 2088",Mosman,"Mon-Fri 9am-8pm, Sat 9am-5pm, Sun 10am-4pm",0-99,Free,N/A,Indoor,Yes,-33.8275,151.2386,https://images.unsplash.com/photo-1521587760476-6c12a4b040da?w=1080&q=80,,Yes
77,Activity,Library,"28 Laman Street, Newcastle NSW 2300",Newcastle,"Mon-Fri 9am-8pm, Sat 9am-5pm, Sun 10am-4pm",0-99,Free,N/A,Indoor,Yes,-32.9272,151.7806,https://images.unsplash.com/photo-1521587760476-6c12a4b040da?w=1080&q=80,,Yes
78,Activity,Library,"8 Brown Street, Newtown NSW 2042",Newtown,"Mon-Fri 9am-7pm, Sat 10am-4pm, Sun closed",0-99,Free,N/A,Indoor,Yes,-33.8989,151.1797,https://images.unsplash.com/photo-1521587760476-6c12a4b040da?w=1080&q=80,,Yes
79,Activity,Library,"Civic Place, Parramatta NSW 2150",Parramatta,"Mon-Fri 9am-8pm, Sat 9am-5pm, Sun 10am-4pm",0-99,Free,N/A,Indoor,Yes,-33.8136,151.0019,https://images.unsplash.com/photo-1521587760476-6c12a4b040da?w=1080&q=80,,No
80,Activity,Library,"405 Crown Street, Surry Hills NSW 2010",Surry Hills,"Mon-Fri 9am-8pm, Sat 10am-5pm, Sun 12pm-5pm",0-99,Free,N/A,Indoor,Yes,-33.8853,151.2147,https://images.unsplash.com/photo-1521587760476-6c12a4b040da?w=1080&q=80,,Yes
81,Activity,Library,"31 Alfred Street, Sydney NSW 2000",Sydney,Mon-Sun 8am-12am,0-99,Free,N/A,Indoor,Yes,-33.8616,151.2106,https://images.unsplash.com/photo-1521587760476-6c12a4b040da?w=1080&q=80,,No
82,Activity,Library,"1 Shakespeare Place, Sydney NSW 2000",Sydney,"Mon-Thu 9am-8pm, Fri 9am-5pm, Sat-Sun 10am-5pm",0-99,Free,N/A,Indoor,Yes,-33.8664,151.2128,https://images.unsplash.com/photo-1521587760476-6c12a4b040da?w=1080&q=80,,No
83,Activity,Library,"41 Burelli Street, Wollongong NSW 2500",Wollongong,"Mon-Fri 9am-8pm, Sat 9am-5pm, Sun 10am-4pm",0-99,Free,N/A,Indoor,Yes,-34.4244,150.8911,https://images.unsplash.com/photo-1521587760476-6c12a4b040da?w=1080&q=80,,Yes
84,Activity,Library,"355 Botany Road, Zetland NSW 2017",Zetland,"Mon-Fri 9am-8pm, Sat-Sun 10am-5pm",0-99,Free,N/A,Indoor,Yes,-33.905,151.2076,https://images.unsplash.com/photo-1521587760476-6c12a4b040da?w=1080&q=80,,No
85,Activity,Mini Golf,"60 Saunders Bay Road, Caringbah NSW 2229",Caringbah,Mon-Sun 9am-9pm,3-99,$$,N/A,Indoor,Yes,-34.0414,151.1239,https://images.unsplash.com/photo-1592919505780-303950717480?w=1080&q=80,,Yes
86,Activity,Mini Golf,"18 Hudson Avenue, Castle Hill NSW 2154",Castle Hill,Mon-Sun 9am-9pm,3-99,$$,N/A,Indoor,Yes,-33.73,151.005,https://images.unsplash.com/photo-1592919505780-303950717480?w=1080&q=80,,Yes
87,Activity,Mini Golf,"261 King Street, Newtown NSW 2042",Newtown,Mon-Sun 11am-12am,3-99,$$,N/A,Indoor,Yes,-33.8989,151.1797,https://images.unsplash.com/photo-1592919505780-303950717480?w=1080&q=80,,Yes
88,Activity,Mini Golf,"26 Bayswater Road, Potts Point NSW 2011",Potts Point,Mon-Sun 11am-12am,3-99,$$,N/A,Indoor,Yes,-33.8736,151.2244,https://images.unsplash.com/photo-1592919505780-303950717480?w=1080&q=80,,Yes
89,Activity,Museum,"1003 Upper Fort Street, Millers Point NSW 2000",Millers Point,Mon-Sun 10am-5pm,3-99,$$,N/A,Indoor,Yes,-33.8597,151.2047,https://images.unsplash.com/photo-1565060169187-5284a3eeb775?w=1080&q=80,,No
90,Activity,Museum,"6 Workshop Way, Newcastle NSW 2300",Newcastle,Mon-Sun 10am-5pm,3-99,$$,N/A,Indoor,Yes,-32.9272,151.7806,https://images.unsplash.com/photo-1565060169187-5284a3eeb775?w=1080&q=80,,No
91,Activity,Museum,"1 William Street, Sydney NSW 2010",Sydney,Mon-Sun 10am-5pm,3-99,$$,N/A,Indoor,Yes,-33.8744,151.2128,https://images.unsplash.com/photo-1565060169187-5284a3eeb775?w=1080&q=80,,No
92,Activity,Museum,"2 Murray Street, Sydney NSW 2000",Sydney,Mon-Sun 10am-4pm,3-99,$$,N/A,Indoor,Yes,-33.8693,151.1981,https://images.unsplash.com/photo-1565060169187-5284a3eeb775?w=1080&q=80,,No
93,Activity,Museum,"Bridge Street & Phillip Street, Sydney NSW 2000",Sydney,Mon-Sun 10am-5pm,3-99,$$,N/A,Indoor,Yes,-33.8628,151.2097,https://images.unsplash.com/photo-1565060169187-5284a3eeb775?w=1080&q=80,,No
94,Activity,Museum,"Queens Square, Macquarie Street, Sydney NSW 2000",Sydney,Mon-Sun 10am-5pm,3-99,$$,N/A,Indoor,Yes,-33.8703,151.2125,https://images.unsplash.com/photo-1565060169187-5284a3eeb775?w=1080&q=80,,No
95,Activity,Museum,"4-8 Phillip Street, Sydney NSW 2000",Sydney,Mon-Sun 10am-5pm,3-99,$$,N/A,Indoor,Yes,-33.8625,151.2103,https://images.unsplash.com/photo-1565060169187-5284a3eeb775?w=1080&q=80,,Yes
96,Activity,Museum,"500 Harris Street, Ultimo NSW 2007",Ultimo,Mon-Sun 10am-5pm,3-99,$$,N/A,Indoor,Yes,-33.8783,151.1992,https://images.unsplash.com/photo-1565060169187-5284a3eeb775?w=1080&q=80,,No
97,Activity,Nature Reserve,"Farnell Avenue, Audley NSW 2232",Audley,Daylight hours,0-99,Free,N/A,Outdoor,Yes,-34.1278,151.0561,https://images.unsplash.com/photo-1441974231531-c6227db76b6e?w=1080&q=80,,No
98,Activity,Nature Reserve,"Lady Game Drive, Chatswood West NSW 2067",Chatswood West,Daylight hours,0-99,Free,N/A,Outdoor,Yes,-33.7944,151.1611,https://images.unsplash.com/photo-1441974231531-c6227db76b6e?w=1080&q=80,,No
99,Activity,Nature Reserve,"Bobbin Head Road, Mt Colah NSW 2079",Mt Colah,Daylight hours,0-99,$,N/A,Outdoor,Yes,-33.6539,151.1581,https://images.unsplash.com/photo-1441974231531-c6227db76b6e?w=1080&q=80,,No
100,Activity,Nature Reserve,"95 Castle Hill Road, West Pennant Hills NSW 2125",West Pennant Hills,Mon-Sun 9am-5pm,0-99,Free,N/A,Outdoor,Yes,-33.7372,151.0653,https://images.unsplash.com/photo-1441974231531-c6227db76b6e?w=1080&q=80,,No
101,Activity,Park,"Hickson Road, Barangaroo NSW 2000",Barangaroo,24/7,0-99,Free,N/A,Outdoor,Yes,-33.8597,151.2014,https://images.unsplash.com/photo-1500964757637-c85e8a162699?w=1080&q=80,,No
102,Activity,Park,"Wisemans Ferry Road, Cattai NSW 2756",Cattai,Daylight hours,0-99,Free,N/A,Outdoor,Yes,-33.5417,150.8917,https://images.unsplash.com/photo-1500964757637-c85e8a162699?w=1080&q=80,,Yes
103,Activity,Park,"Oxford Street, Centennial Park NSW 2021",Centennial Park,Daylight hours,0-99,Free,N/A,Outdoor,Yes,-33.8969,151.2308,https://images.unsplash.com/photo-1500964757637-c85e8a162699?w=1080&q=80,,No
104,Activity,Park,"1 Wetlands Place, Shortland NSW 2307",Shortland,Mon-Sun 9am-4pm,0-99,Free,N/A,Outdoor,Yes,-32.8842,151.6925,https://images.unsplash.com/photo-1500964757637-c85e8a162699?w=1080&q=80,,Yes
105,Activity,Park,"Park Road, Speers Point NSW 2284",Speers Point,24/7,0-99,Free,N/A,Outdoor,Yes,-32.9619,151.6311,https://images.unsplash.com/photo-1500964757637-c85e8a162699?w=1080&q=80,,No
106,Activity,Park,"Mrs Macquaries Road, Sydney NSW 2000",Sydney,Mon-Sun 7am-Sunset,0-99,Free,N/A,Outdoor,Yes,-33.8642,151.2166,https://images.unsplash.com/photo-1500964757637-c85e8a162699?w=1080&q=80,,No
107,Activity,Park,"Elizabeth Street, Sydney NSW 2000",Sydney,24/7,0-99,Free,N/A,Outdoor,Yes,-33.8736,151.2111,https://images.unsplash.com/photo-1500964757637-c85e8a162699?w=1080&q=80,,No
108,Activity,Park,"Mrs Macquaries Road, Sydney NSW 2000",Sydney,24/7,0-99,Free,N/A,Outdoor,Yes,-33.8669,151.2147,https://images.unsplash.com/photo-1500964757637-c85e8a162699?w=1080&q=80,,No
109,Activity,Playground,"Hovell Tree Park, Lincoln Causeway, Albury NSW 2640",Albury,24/7,0-12,Free,N/A,Outdoor,Yes,-36.0744,146.9133,https://images.unsplash.com/photo-1547861749-0df4321e275e?w=1080&q=80,,Yes
110,Activity,Playground,"Sydney Park Road, Alexandria NSW 2015",Alexandria,24/7,0-12,Free,N/A,Outdoor,Yes,-33.9089,151.1856,https://images.unsplash.com/photo-1547861749-0df4321e275e?w=1080&q=80,,No
111,Activity,Playground,"Brushwood Drive, Alfords Point NSW 2234",Alfords Point,24/7,0-12,Free,N/A,Outdoor,Yes,-33.9853,151.0228,https://images.unsplash.com/photo-1547861749-0df4321e275e?w=1080&q=80,,Yes
112,Activity,Playground,"Allambie Road, Allambie Heights NSW 2100",Allambie Heights,24/7,0-12,Free,N/A,Outdoor,Yes,-33.7575,151.2553,https://images.unsplash.com/photo-1547861749-0df4321e275e?w=1080&q=80,,Yes
113,Activity,Playground,"Federal Park, Chapman Road, Annandale NSW 2038",Annandale,24/7,0-12,Free,N/A,Outdoor,Yes,-33.8819,151.1714,https://images.unsplash.com/photo-1547861749-0df4321e275e?w=1080&q=80,,Yes
114,Activity,Playground,"Memorial Park, Marsh Street, Armidale NSW 2350",Armidale,24/7,0-12,Free,N/A,Outdoor,Yes,-30.5111,151.665,https://images.unsplash.com/photo-1547861749-0df4321e275e?w=1080&q=80,,Yes
115,Activity,Playground,"Old Barrenjoey Road, Avalon Beach NSW 2107",Avalon Beach,24/7,0-12,Free,N/A,Outdoor,Yes,-33.6353,151.3286,https://images.unsplash.com/photo-1547861749-0df4321e275e?w=1080&q=80,,Yes
116,Activity,Playground,"Avoca Drive, Avoca Beach NSW 2251",Avoca Beach,24/7,0-12,Free,N/A,Outdoor,Yes,-33.4683,151.4361,https://images.unsplash.com/photo-1547861749-0df4321e275e?w=1080&q=80,,Yes
117,Activity,Playground,"Voyager Memorial Park, Beach Road, Batemans Bay NSW 2536",Batemans Bay,24/7,0-12,Free,N/A,Outdoor,Yes,-35.7081,150.175,https://images.unsplash.com/photo-1547861749-0df4321e275e?w=1080&q=80,,Yes
118,Activity,Playground,"Seven Hills Road, Baulkham Hills NSW 2153",Baulkham Hills,24/7,0-12,Free,N/A,Outdoor,Yes,-33.7642,150.9853,https://images.unsplash.com/photo-1547861749-0df4321e275e?w=1080&q=80,,Yes
119,Activity,Playground,"Pittwater Road, Bayview NSW 2104",Bayview,24/7,0-12,Free,N/A,Outdoor,Yes,-33.6614,151.2964,https://images.unsplash.com/photo-1547861749-0df4321e275e?w=1080&q=80,,Yes
120,Activity,Playground,"Coppleston Road, Beaumont Hills NSW 2155",Beaumont Hills,24/7,0-12,Free,N/A,Outdoor,Yes,-33.6953,150.9319,https://images.unsplash.com/photo-1547861749-0df4321e275e?w=1080&q=80,,Yes
121,Activity,Playground,"Norwest Boulevard, Bella Vista NSW 2153",Bella Vista,Daylight hours,0-12,Free,N/A,Outdoor,Yes,-33.7333,150.9444,https://images.unsplash.com/photo-1547861749-0df4321e275e?w=1080&q=80,,Yes
122,Activity,Playground,"Suttie Road, Bellevue Hill NSW 2023",Bellevue Hill,24/7,0-12,Free,N/A,Outdoor,Yes,-33.8836,151.2569,https://images.unsplash.com/photo-1547861749-0df4321e275e?w=1080&q=80,,Yes
123,Activity,Playground,"Curlewis Street, Bondi NSW 2026",Bondi,24/7,0-12,Free,N/A,Outdoor,Yes,-33.8908,151.2735,https://images.unsplash.com/photo-1547861749-0df4321e275e?w=1080&q=80,,Yes
124,Activity,Playground,"Bondi Road, Bondi Junction NSW 2022",Bondi Junction,24/7,0-12,Free,N/A,Outdoor,Yes,-33.8918,151.2614,https://images.unsplash.com/photo-1547861749-0df4321e275e?w=1080&q=80,,No
125,Activity,Playground,"Foreshore Road, Botany NSW 2019",Botany,24/7,0-12,Free,N/A,Outdoor,Yes,-33.9417,151.1972,https://images.unsplash.com/photo-1547861749-0df4321e275e?w=1080&q=80,,Yes
126,Activity,Playground,"Bendooley Street, Bowral NSW 2576",Bowral,24/7,0-12,Free,N/A,Outdoor,Yes,-34.4814,150.4172,https://images.unsplash.com/photo-1547861749-0df4321e275e?w=1080&q=80,,Yes
127,Activity,Playground,"The Grand Parade, Brighton-Le-Sands NSW 2216",Brighton-Le-Sands,24/7,0-12,Free,N/A,Outdoor,Yes,-33.9531,151.1542,https://images.unsplash.com/photo-1547861749-0df4321e275e?w=1080&q=80,,Yes
128,Activity,Playground,"Sturt Park, Argent Street, Broken Hill NSW 2880",Broken Hill,24/7,0-12,Free,N/A,Outdoor,Yes,-31.9542,141.4669,https://images.unsplash.com/photo-1547861749-0df4321e275e?w=1080&q=80,,Yes
129,Activity,Playground,"Bronte Road, Bronte NSW 2024",Bronte,24/7,0-12,Free,N/A,Outdoor,Yes,-33.9047,151.2639,https://images.unsplash.com/photo-1547861749-0df4321e275e?w=1080&q=80,,No
130,Activity,Playground,"Cabarita Road, Cabarita NSW 2137",Cabarita,24/7,0-12,Free,N/A,Outdoor,Yes,-33.8503,151.1083,https://images.unsplash.com/photo-1547861749-0df4321e275e?w=1080&q=80,,Yes
131,Activity,Playground,"Mawson Park, Queen Street, Campbelltown NSW 2560",Campbelltown,24/7,0-12,Free,N/A,Outdoor,Yes,-34.0697,150.8147,https://images.unsplash.com/photo-1547861749-0df4321e275e?w=1080&q=80,,Yes
132,Activity,Playground,"Bates Drive, Caringbah NSW 2229",Caringbah,24/7,0-12,Free,N/A,Outdoor,Yes,-34.0394,151.1224,https://images.unsplash.com/photo-1547861749-0df4321e275e?w=1080&q=80,,Yes
133,Activity,Playground,"Carwar Avenue, Carss Park NSW 2221",Carss Park,24/7,0-12,Free,N/A,Outdoor,Yes,-33.9847,151.1108,https://images.unsplash.com/photo-1547861749-0df4321e275e?w=1080&q=80,,Yes
134,Activity,Playground,"Showground Road, Castle Hill NSW 2154",Castle Hill,24/7,0-12,Free,N/A,Outdoor,Yes,-33.73,151.005,https://images.unsplash.com/photo-1547861749-0df4321e275e?w=1080&q=80,,Yes
135,Activity,Playground,"Grand Drive, Centennial Park NSW 2021",Centennial Park,Daylight hours,0-12,Free,N/A,Outdoor,Yes,-33.8969,151.2308,https://images.unsplash.com/photo-1547861749-0df4321e275e?w=1080&q=80,,No
136,Activity,Playground,"Pacific Highway, Chatswood NSW 2067",Chatswood,24/7,0-12,Free,N/A,Outdoor,Yes,-33.7969,151.1828,https://images.unsplash.com/photo-1547861749-0df4321e275e?w=1080&q=80,,Yes
137,Activity,Playground,"Concord Oval Playground, Loftus Street, Concord NSW 2137",Concord,24/7,0-12,Free,N/A,Outdoor,Yes,-33.8617,151.1019,https://images.unsplash.com/photo-1547861749-0df4321e275e?w=1080&q=80,,Yes
138,Activity,Playground,"Beach Street, Coogee NSW 2034",Coogee,24/7,0-12,Free,N/A,Outdoor,Yes,-33.9203,151.257,https://images.unsplash.com/photo-1547861749-0df4321e275e?w=1080&q=80,,No
139,Activity,Playground,"The Esplanade, Cronulla NSW 2230",Cronulla,24/7,0-12,Free,N/A,Outdoor,Yes,-34.0567,151.1531,https://images.unsplash.com/photo-1547861749-0df4321e275e?w=1080&q=80,,Yes
140,Activity,Playground,"Kingsway, Cronulla NSW 2230",Cronulla,24/7,0-12,Free,N/A,Outdoor,Yes,-34.0577,151.1547,https://images.unsplash.com/photo-1547861749-0df4321e275e?w=1080&q=80,,Yes
141,Activity,Playground,"Gunnamatta Bay, Cronulla NSW 2230",Cronulla,24/7,0-12,Free,N/A,Outdoor,Yes,-34.0628,151.1517,https://images.unsplash.com/photo-1547861749-0df4321e275e?w=1080&q=80,,Yes
142,Activity,Playground,"Cronulla Street, Cronulla NSW 2230",Cronulla,24/7,0-12,Free,N/A,Outdoor,Yes,-34.0577,151.1547,https://images.unsplash.com/photo-1547861749-0df4321e275e?w=1080&q=80,,Yes
143,Activity,Playground,"The Strand, Dee Why NSW 2099",Dee Why,24/7,0-12,Free,N/A,Outdoor,Yes,-33.7517,151.2997,https://images.unsplash.com/photo-1547861749-0df4321e275e?w=1080&q=80,,No
144,Activity,Playground,"Doonside Road, Doonside NSW 2767",Doonside,24/7,0-12,Free,N/A,Outdoor,Yes,-33.7592,150.8639,https://images.unsplash.com/photo-1547861749-0df4321e275e?w=1080&q=80,,Yes
145,Activity,Playground,"Knox Road, Doonside NSW 2767",Doonside,Daylight hours,0-12,Free,N/A,Outdoor,Yes,-33.7794,150.8814,https://images.unsplash.com/photo-1547861749-0df4321e275e?w=1080&q=80,,Yes
146,Activity,Playground,"Bay Street, Double Bay NSW 2028",Double Bay,24/7,0-12,Free,N/A,Outdoor,Yes,-33.8767,151.2425,https://images.unsplash.com/photo-1547861749-0df4321e275e?w=1080&q=80,,Yes
147,Activity,Playground,"Easton Park, Lyons Road, Drummoyne NSW 2047",Drummoyne,24/7,0-12,Free,N/A,Outdoor,Yes,-33.8533,151.1525,https://images.unsplash.com/photo-1547861749-0df4321e275e?w=1080&q=80,,Yes
148,Activity,Playground,"Cooke Park, Cobra Street, Dubbo NSW 2830",Dubbo,24/7,0-12,Free,N/A,Outdoor,Yes,-32.2453,148.6028,https://images.unsplash.com/photo-1547861749-0df4321e275e?w=1080&q=80,,Yes
149,Activity,Playground,"Anzac Avenue, Engadine NSW 2233",Engadine,24/7,0-12,Free,N/A,Outdoor,Yes,-34.0689,151.0156,https://images.unsplash.com/photo-1547861749-0df4321e275e?w=1080&q=80,,Yes
150,Activity,Playground,"Henley Marine Drive, Five Dock NSW 2046",Five Dock,24/7,0-12,Free,N/A,Outdoor,Yes,-33.8581,151.1364,https://images.unsplash.com/photo-1547861749-0df4321e275e?w=1080&q=80,,Yes
151,Activity,Playground,"Apex Park, Hill Street, Forbes NSW 2871",Forbes,24/7,0-12,Free,N/A,Outdoor,Yes,-33.385,148.005,https://images.unsplash.com/photo-1547861749-0df4321e275e?w=1080&q=80,,Yes
152,Activity,Playground,"Starkey Street, Forestville NSW 2087",Forestville,24/7,0-12,Free,N/A,Outdoor,Yes,-33.7553,151.2153,https://images.unsplash.com/photo-1547861749-0df4321e275e?w=1080&q=80,,Yes
153,Activity,Playground,"Apex Park, Pacific Highway, Forster NSW 2428",Forster,24/7,0-12,Free,N/A,Outdoor,Yes,-32.1789,152.5167,https://images.unsplash.com/photo-1547861749-0df4321e275e?w=1080&q=80,,Yes
154,Activity,Playground,"Forestway, Frenchs Forest NSW 2086",Frenchs Forest,24/7,0-12,Free,N/A,Outdoor,Yes,-33.7406,151.2244,https://images.unsplash.com/photo-1547861749-0df4321e275e?w=1080&q=80,,Yes
155,Activity,Playground,"Arcadia Road, Galston NSW 2159",Galston,Daylight hours,0-12,Free,N/A,Outdoor,Yes,-33.65,151.05,https://images.unsplash.com/photo-1547861749-0df4321e275e?w=1080&q=80,,Yes
156,Activity,Playground,"Bayview Road, Glebe NSW 2037",Glebe,24/7,0-12,Free,N/A,Outdoor,Yes,-33.8736,151.1839,https://images.unsplash.com/photo-1547861749-0df4321e275e?w=1080&q=80,,No
157,Activity,Playground,"Jubilee Park, Mitchell Street, Glebe NSW 2037",Glebe,24/7,0-12,Free,N/A,Outdoor,Yes,-33.8778,151.185,https://images.unsplash.com/photo-1547861749-0df4321e275e?w=1080&q=80,,Yes
158,Activity,Playground,"Mann Street, Gosford NSW 2250",Gosford,24/7,0-12,Free,N/A,Outdoor,Yes,-33.4267,151.3414,https://images.unsplash.com/photo-1547861749-0df4321e275e?w=1080&q=80,,Yes
159,Activity,Playground,"Pioneer Park, Whitton Street, Griffith NSW 2680",Griffith,24/7,0-12,Free,N/A,Outdoor,Yes,-34.2889,146.0444,https://images.unsplash.com/photo-1547861749-0df4321e275e?w=1080&q=80,,Yes
160,Activity,Playground,"Hornsby Mall, Hornsby NSW 2077",Hornsby,24/7,0-12,Free,N/A,Outdoor,Yes,-33.7039,151.0989,https://images.unsplash.com/photo-1547861749-0df4321e275e?w=1080&q=80,,Yes
161,Activity,Playground,"Galston Road, Hornsby Heights NSW 2077",Hornsby Heights,24/7,0-12,Free,N/A,Outdoor,Yes,-33.6772,151.0917,https://images.unsplash.com/photo-1547861749-0df4321e275e?w=1080&q=80,,Yes
162,Activity,Playground,"Hunters Hill Park, Madeline Street, Hunters Hill NSW 2110",Hunters Hill,24/7,0-10,Free,N/A,Outdoor,Yes,-33.8267,151.1517,https://images.unsplash.com/photo-1547861749-0df4321e275e?w=1080&q=80,,Yes
163,Activity,Playground,"Boronia Park, Pittwater Road, Hunters Hill NSW 2110",Hunters Hill,24/7,0-12,Free,N/A,Outdoor,Yes,-33.8244,151.1467,https://images.unsplash.com/photo-1547861749-0df4321e275e?w=1080&q=80,,Yes
164,Activity,Playground,"Wrights Road, Kellyville NSW 2155",Kellyville,24/7,0-12,Free,N/A,Outdoor,Yes,-33.7117,150.9558,https://images.unsplash.com/photo-1547861749-0df4321e275e?w=1080&q=80,,Yes
165,Activity,Playground,"Prince Charles Parade, Kurnell NSW 2231",Kurnell,24/7,0-12,Free,N/A,Outdoor,Yes,-34.0072,151.2231,https://images.unsplash.com/photo-1547861749-0df4321e275e?w=1080&q=80,,Yes
166,Activity,Playground,"Wood Street, Lane Cove NSW 2066",Lane Cove,24/7,0-12,Free,N/A,Outdoor,Yes,-33.8133,151.1717,https://images.unsplash.com/photo-1547861749-0df4321e275e?w=1080&q=80,,Yes
167,Activity,Playground,"Longueville Road, Lane Cove NSW 2066",Lane Cove,24/7,0-12,Free,N/A,Outdoor,Yes,-33.8133,151.1717,https://images.unsplash.com/photo-1547861749-0df4321e275e?w=1080&q=80,,Yes
168,Activity,Playground,"Lavender Street, Lavender Bay NSW 2060",Lavender Bay,Daylight hours,0-12,Free,N/A,Outdoor,Yes,-33.8456,151.2086,https://images.unsplash.com/photo-1547861749-0df4321e275e?w=1080&q=80,,No
169,Activity,Playground,"Heritage Park, Apex Park, Lismore NSW 2480",Lismore,24/7,0-12,Free,N/A,Outdoor,Yes,-28.8067,153.2806,https://images.unsplash.com/photo-1547861749-0df4321e275e?w=1080&q=80,,Yes
170,Activity,Playground,"Memorial Avenue, Liverpool NSW 2170",Liverpool,24/7,0-12,Free,N/A,Outdoor,Yes,-33.9217,150.9239,https://images.unsplash.com/photo-1547861749-0df4321e275e?w=1080&q=80,,Yes
171,Activity,Playground,"Pittwater Road, Manly NSW 2095",Manly,24/7,0-12,Free,N/A,Outdoor,Yes,-33.7944,151.2806,https://images.unsplash.com/photo-1547861749-0df4321e275e?w=1080&q=80,,Yes
172,Activity,Playground,"King Street, Manly Vale NSW 2093",Manly Vale,Daylight hours,0-12,Free,N/A,Outdoor,Yes,-33.7833,151.2625,https://images.unsplash.com/photo-1547861749-0df4321e275e?w=1080&q=80,,Yes
173,Activity,Playground,"Marayong Park Road, Marayong NSW 2148",Marayong,24/7,0-12,Free,N/A,Outdoor,Yes,-33.75,150.8956,https://images.unsplash.com/photo-1547861749-0df4321e275e?w=1080&q=80,,Yes
174,Activity,Playground,"Bunnerong Road, Maroubra NSW 2035",Maroubra,24/7,0-12,Free,N/A,Outdoor,Yes,-33.9472,151.2336,https://images.unsplash.com/photo-1547861749-0df4321e275e?w=1080&q=80,,Yes
175,Activity,Playground,"Hollinsworth Road, Marsden Park NSW 2765",Marsden Park,24/7,0-12,Free,N/A,Outdoor,Yes,-33.7156,150.805,https://images.unsplash.com/photo-1547861749-0df4321e275e?w=1080&q=80,,Yes
176,Activity,Playground,"Ridge Street, Merrylands NSW 2160",Merrylands,24/7,0-12,Free,N/A,Outdoor,Yes,-33.8364,150.9869,https://images.unsplash.com/photo-1547861749-0df4321e275e?w=1080&q=80,,Yes
177,Activity,Playground,"Watson Road, Millers Point NSW 2000",Millers Point,24/7,0-12,Free,N/A,Outdoor,Yes,-33.859,151.2042,https://images.unsplash.com/photo-1547861749-0df4321e275e?w=1080&q=80,,No
178,Activity,Playground,"Surfview Road, Mona Vale NSW 2103",Mona Vale,24/7,0-12,Free,N/A,Outdoor,Yes,-33.6764,151.3097,https://images.unsplash.com/photo-1547861749-0df4321e275e?w=1080&q=80,,Yes
179,Activity,Playground,"Sirius Cove Road, Mosman NSW 2088",Mosman,24/7,0-12,Free,N/A,Outdoor,Yes,-33.8439,151.2444,https://images.unsplash.com/photo-1547861749-0df4321e275e?w=1080&q=80,,No
180,Activity,Playground,"Bobbin Head Road, Mt Colah NSW 2079",Mt Colah,Daylight hours,0-12,Free,N/A,Outdoor,Yes,-33.6539,151.1581,https://images.unsplash.com/photo-1547861749-0df4321e275e?w=1080&q=80,,No
181,Activity,Playground,"Barrenjoey Road, Narrabeen NSW 2101",Narrabeen,24/7,0-12,Free,N/A,Outdoor,Yes,-33.7058,151.3017,https://images.unsplash.com/photo-1547861749-0df4321e275e?w=1080&q=80,,Yes
182,Activity,Playground,"Civic Park, Newcastle NSW 2300",Newcastle,24/7,0-12,Free,N/A,Outdoor,Yes,-32.9265,151.7668,https://images.unsplash.com/photo-1547861749-0df4321e275e?w=1080&q=80,,No
183,Activity,Playground,"Wharf Road, Newcastle NSW 2300",Newcastle,24/7,0-12,Free,N/A,Outdoor,Yes,-32.9264,151.7811,https://images.unsplash.com/photo-1547861749-0df4321e275e?w=1080&q=80,,Yes
184,Activity,Playground,"Robertson Road, Newport NSW 2106",Newport,24/7,0-12,Free,N/A,Outdoor,Yes,-33.6594,151.3231,https://images.unsplash.com/photo-1547861749-0df4321e275e?w=1080&q=80,,Yes
185,Activity,Playground,"Australia Street, Newtown NSW 2042",Newtown,24/7,0-12,Free,N/A,Outdoor,Yes,-33.8908,151.1774,https://images.unsplash.com/photo-1547861749-0df4321e275e?w=1080&q=80,,Yes
186,Activity,Playground,"Pitt Road, North Curl Curl NSW 2099",North Curl Curl,24/7,0-12,Free,N/A,Outdoor,Yes,-33.7619,151.29,https://images.unsplash.com/photo-1547861749-0df4321e275e?w=1080&q=80,,Yes
187,Activity,Playground,"Wakehurst Parkway, North Narrabeen NSW 2101",North Narrabeen,24/7,0-12,Free,N/A,Outdoor,Yes,-33.7058,151.2917,https://images.unsplash.com/photo-1547861749-0df4321e275e?w=1080&q=80,,Yes
188,Activity,Playground,"Bourke Street, North Parramatta NSW 2151",North Parramatta,Daylight hours,0-12,Free,N/A,Outdoor,Yes,-33.7847,151.0086,https://images.unsplash.com/photo-1547861749-0df4321e275e?w=1080&q=80,,Yes
189,Activity,Playground,"North Rocks Road, North Rocks NSW 2151",North Rocks,24/7,0-12,Free,N/A,Outdoor,Yes,-33.77,151.0367,https://images.unsplash.com/photo-1547861749-0df4321e275e?w=1080&q=80,,Yes
190,Activity,Playground,"North Rocks Road, North Rocks NSW 2151",North Rocks,24/7,0-12,Free,N/A,Outdoor,Yes,-33.77,151.0367,https://images.unsplash.com/photo-1547861749-0df4321e275e?w=1080&q=80,,Yes
191,Activity,Playground,"Cox Street, North Ryde NSW 2113",North Ryde,24/7,0-12,Free,N/A,Outdoor,Yes,-33.7775,151.1147,https://images.unsplash.com/photo-1547861749-0df4321e275e?w=1080&q=80,,Yes
192,Activity,Playground,"Miller Street, North Sydney NSW 2060",North Sydney,24/7,0-12,Free,N/A,Outdoor,Yes,-33.8344,151.2089,https://images.unsplash.com/photo-1547861749-0df4321e275e?w=1080&q=80,,No
193,Activity,Playground,"Cook Park, Summer Street, Orange NSW 2800",Orange,24/7,0-12,Free,N/A,Outdoor,Yes,-33.2839,149.0989,https://images.unsplash.com/photo-1547861749-0df4321e275e?w=1080&q=80,,Yes
194,Activity,Playground,"Pitt Street, Parramatta NSW 2150",Parramatta,24/7,0-12,Free,N/A,Outdoor,Yes,-33.8089,151.0006,https://images.unsplash.com/photo-1547861749-0df4321e275e?w=1080&q=80,,No
195,Activity,Playground,"Jamison Road, Penrith NSW 2750",Penrith,24/7,0-12,Free,N/A,Outdoor,Yes,-33.7536,150.6889,https://images.unsplash.com/photo-1547861749-0df4321e275e?w=1080&q=80,,Yes
196,Activity,Playground,"The Driftway, Penrith NSW 2750",Penrith,24/7,0-12,Free,N/A,Outdoor,Yes,-33.7567,150.6731,https://images.unsplash.com/photo-1547861749-0df4321e275e?w=1080&q=80,,Yes
197,Activity,Playground,"Mulgoa Road, Penrith NSW 2750",Penrith,24/7,0-12,Free,N/A,Outdoor,Yes,-33.7531,150.6839,https://images.unsplash.com/photo-1547861749-0df4321e275e?w=1080&q=80,,Yes
198,Activity,Playground,"Forest Road, Penshurst NSW 2222",Penshurst,24/7,0-12,Free,N/A,Outdoor,Yes,-33.9683,151.0867,https://images.unsplash.com/photo-1547861749-0df4321e275e?w=1080&q=80,,Yes
199,Activity,Playground,"Pellisier Road, Putney NSW 2112",Putney,24/7,0-12,Free,N/A,Outdoor,Yes,-33.8307,151.1071,https://images.unsplash.com/photo-1547861749-0df4321e275e?w=1080&q=80,,Yes
200,Activity,Playground,"Pirrama Road, Pyrmont NSW 2009",Pyrmont,24/7,0-12,Free,N/A,Outdoor,Yes,-33.8689,151.1953,https://images.unsplash.com/photo-1547861749-0df4321e275e?w=1080&q=80,,No
201,Activity,Playground,"Darley Road, Queens Park NSW 2022",Queens Park,Daylight hours,0-12,Free,N/A,Outdoor,Yes,-33.9,151.2444,https://images.unsplash.com/photo-1547861749-0df4321e275e?w=1080&q=80,,No
202,Activity,Playground,"Russell Avenue, Ramsgate NSW 2217",Ramsgate,24/7,0-12,Free,N/A,Outdoor,Yes,-33.9911,151.1392,https://images.unsplash.com/photo-1547861749-0df4321e275e?w=1080&q=80,,Yes
203,Activity,Playground,"Pioneer Park, Bonds Road, Riverwood NSW 2210",Riverwood,24/7,0-12,Free,N/A,Outdoor,Yes,-33.9528,151.0556,https://images.unsplash.com/photo-1547861749-0df4321e275e?w=1080&q=80,,Yes
204,Activity,Playground,"New South Head Road, Rose Bay NSW 2029",Rose Bay,24/7,0-12,Free,N/A,Outdoor,Yes,-33.8736,151.2675,https://images.unsplash.com/photo-1547861749-0df4321e275e?w=1080&q=80,,Yes
205,Activity,Playground,"Pacific Highway, Roseville NSW 2069",Roseville,24/7,0-12,Free,N/A,Outdoor,Yes,-33.7833,151.1833,https://images.unsplash.com/photo-1547861749-0df4321e275e?w=1080&q=80,,Yes
206,Activity,Playground,"Worcester Road, Rouse Hill NSW 2155",Rouse Hill,Daylight hours,0-12,Free,N/A,Outdoor,Yes,-33.6864,150.9183,https://images.unsplash.com/photo-1547861749-0df4321e275e?w=1080&q=80,,Yes
207,Activity,Playground,"North Rocks Road, Ryde NSW 2112",Ryde,24/7,0-12,Free,N/A,Outdoor,Yes,-33.8167,151.1078,https://images.unsplash.com/photo-1547861749-0df4321e275e?w=1080&q=80,,Yes
208,Activity,Playground,"Shoal Bay Road, Shoal Bay NSW 2315",Shoal Bay,24/7,0-12,Free,N/A,Outdoor,Yes,-32.7178,152.17,https://images.unsplash.com/photo-1547861749-0df4321e275e?w=1080&q=80,,Yes
209,Activity,Playground,"Jamieson Street, Silverwater NSW 2128",Silverwater,Mon-Sun 7am-7pm,0-12,Free,N/A,Outdoor,Yes,-33.8264,151.0461,https://images.unsplash.com/photo-1547861749-0df4321e275e?w=1080&q=80,,No
210,Activity,Playground,"The Esplanade, Speers Point NSW 2284",Speers Point,24/7,0-12,Free,N/A,Outdoor,Yes,-32.9619,151.6311,https://images.unsplash.com/photo-1547861749-0df4321e275e?w=1080&q=80,,No
211,Activity,Playground,"Cleveland Street, Surry Hills NSW 2010",Surry Hills,24/7,0-12,Free,N/A,Outdoor,Yes,-33.8889,151.2086,https://images.unsplash.com/photo-1547861749-0df4321e275e?w=1080&q=80,,No
212,Activity,Playground,"Old Princes Highway, Sutherland NSW 2232",Sutherland,24/7,0-12,Free,N/A,Outdoor,Yes,-34.0314,151.0586,https://images.unsplash.com/photo-1547861749-0df4321e275e?w=1080&q=80,,Yes
213,Activity,Playground,"Mrs Macquaries Road, Sydney NSW 2000",Sydney,24/7,0-12,Free,N/A,Outdoor,Yes,-33.8642,151.2166,https://images.unsplash.com/photo-1547861749-0df4321e275e?w=1080&q=80,,No
214,Activity,Playground,"1-25 Harbour Street, Sydney NSW 2000",Sydney,24/7,0-12,Free,N/A,Outdoor,Yes,-33.873,151.2027,https://images.unsplash.com/photo-1547861749-0df4321e275e?w=1080&q=80,,No
215,Activity,Playground,"Darling Drive, Sydney NSW 2000",Sydney,24/7,0-12,Free,N/A,Outdoor,Yes,-33.8767,151.2014,https://images.unsplash.com/photo-1547861749-0df4321e275e?w=1080&q=80,,No
216,Activity,Playground,"Australia Avenue, Sydney Olympic Park NSW 2127",Sydney Olympic Park,24/7,0-12,Free,N/A,Outdoor,Yes,-33.8467,151.0744,https://images.unsplash.com/photo-1547861749-0df4321e275e?w=1080&q=80,,No
217,Activity,Playground,"Australia Avenue, Sydney Olympic Park NSW 2127",Sydney Olympic Park,24/7,0-12,Free,N/A,Outdoor,Yes,-33.85,151.07,https://images.unsplash.com/photo-1547861749-0df4321e275e?w=1080&q=80,,Yes
218,Activity,Playground,"Pacific Avenue, Tamarama NSW 2026",Tamarama,24/7,0-12,Free,N/A,Outdoor,Yes,-33.9006,151.27,https://images.unsplash.com/photo-1547861749-0df4321e275e?w=1080&q=80,,Yes
219,Activity,Playground,"Bicentennial Park, Brisbane Street, Tamworth NSW 2340",Tamworth,24/7,0-12,Free,N/A,Outdoor,Yes,-31.0833,150.9333,https://images.unsplash.com/photo-1547861749-0df4321e275e?w=1080&q=80,,Yes
220,Activity,Playground,"The Esplanade, Terrigal NSW 2260",Terrigal,24/7,0-12,Free,N/A,Outdoor,Yes,-33.4475,151.4458,https://images.unsplash.com/photo-1547861749-0df4321e275e?w=1080&q=80,,Yes
221,Activity,Playground,"The Esplanade, The Entrance NSW 2261",The Entrance,24/7,0-12,Free,N/A,Outdoor,Yes,-33.3389,151.4969,https://images.unsplash.com/photo-1547861749-0df4321e275e?w=1080&q=80,,Yes
222,Activity,Playground,"Apex Park, Tarcutta Street, Wagga Wagga NSW 2650",Wagga Wagga,24/7,0-12,Free,N/A,Outdoor,Yes,-35.1067,147.3711,https://images.unsplash.com/photo-1547861749-0df4321e275e?w=1080&q=80,,Yes
223,Activity,Playground,"Robertson Place, Watsons Bay NSW 2030",Watsons Bay,24/7,0-12,Free,N/A,Outdoor,Yes,-33.8388,151.281,https://images.unsplash.com/photo-1547861749-0df4321e275e?w=1080&q=80,,Yes
224,Activity,Playground,"Cliff Street, Watsons Bay NSW 2030",Watsons Bay,24/7,0-12,Free,N/A,Outdoor,Yes,-33.8378,151.2792,https://images.unsplash.com/photo-1547861749-0df4321e275e?w=1080&q=80,,Yes
225,Activity,Playground,"Caroline Chisholm Drive, Winston Hills NSW 2153",Winston Hills,24/7,0-12,Free,N/A,Outdoor,Yes,-33.78,150.975,https://images.unsplash.com/photo-1547861749-0df4321e275e?w=1080&q=80,,Yes
226,Activity,Playground,"Cliff Road, Wollongong NSW 2500",Wollongong,24/7,0-12,Free,N/A,Outdoor,Yes,-34.4192,150.9011,https://images.unsplash.com/photo-1547861749-0df4321e275e?w=1080&q=80,,Yes
227,Activity,Playground,"Crown Street, Wollongong NSW 2500",Wollongong,24/7,0-12,Free,N/A,Outdoor,Yes,-34.4244,150.8911,https://images.unsplash.com/photo-1547861749-0df4321e275e?w=1080&q=80,,Yes
228,Activity,Pool,"1 Notts Avenue, Bondi Beach NSW 2026",Bondi Beach,"Mon-Wed,Fri 6am-6:30pm, Sat-Sun 6:30am-6:30pm",3-99,$,N/A,Outdoor,No,-33.8917,151.2742,https://images.unsplash.com/photo-1576013551627-0cc20b96c2a7?w=1080&q=80,,No
229,Activity,Pool,"4B Neptune Street, Coogee NSW 2034",Coogee,Mon-Sun 7am-7pm,3-99,$,N/A,Indoor,Yes,-33.9229,151.2613,https://images.unsplash.com/photo-1576013551627-0cc20b96c2a7?w=1080&q=80,,No
230,Activity,Pool,"Aquatic Drive, Frenchs Forest NSW 2086",Frenchs Forest,"Mon-Fri 5:30am-9pm, Sat-Sun 7am-7pm",0-99,$$,N/A,Indoor,Yes,-33.7406,151.2244,https://images.unsplash.com/photo-1576013551627-0cc20b96c2a7?w=1080&q=80,,Yes
231,Activity,Pool,"2 Bermill Street, Greenacre NSW 2190",Greenacre,"Mon-Fri 6am-8pm, Sat-Sun 7am-6pm",0-99,$,N/A,Indoor,Yes,-33.8961,151.0581,https://images.unsplash.com/photo-1576013551627-0cc20b96c2a7?w=1080&q=80,,Yes
232,Activity,Pool,"Park Lane, Hornsby NSW 2077",Hornsby,"Mon-Fri 5:30am-9pm, Sat-Sun 7am-7pm",0-99,$$,N/A,Indoor,Yes,-33.7039,151.0989,https://images.unsplash.com/photo-1576013551627-0cc20b96c2a7?w=1080&q=80,,Yes
233,Activity,Pool,"Morehead Street, Lambton NSW 2299",Lambton,"Mon-Fri 5:30am-7pm, Sat-Sun 7am-6pm (seasonal)",0-99,$,N/A,Outdoor,Yes,-32.9081,151.7053,https://images.unsplash.com/photo-1576013551627-0cc20b96c2a7?w=1080&q=80,,Yes
234,Activity,Pool,"Kangaroo Street, Manly NSW 2095",Manly,"Mon-Fri 5:30am-8pm, Sat-Sun 7am-6pm",0-99,$,N/A,Indoor,Yes,-33.7956,151.2856,https://images.unsplash.com/photo-1576013551627-0cc20b96c2a7?w=1080&q=80,,Yes
235,Activity,Pool,"Marine Parade, Maroubra NSW 2035",Maroubra,24/7,5-99,Free,N/A,Indoor,Yes,-33.9461,151.2603,https://images.unsplash.com/photo-1576013551627-0cc20b96c2a7?w=1080&q=80,,No
236,Activity,Pool,"4 Alfred Street South, Milsons Point NSW 2061",Milsons Point,"Mon-Fri 5:30am-9pm, Sat-Sun 6am-7pm",0-99,$,N/A,Outdoor,Yes,-33.8472,151.2117,https://images.unsplash.com/photo-1576013551627-0cc20b96c2a7?w=1080&q=80,,No
237,Activity,Pool,"Shortland Esplanade, Newcastle NSW 2300",Newcastle,Daylight hours,0-99,Free,N/A,Outdoor,Yes,-32.9269,151.7858,https://images.unsplash.com/photo-1576013551627-0cc20b96c2a7?w=1080&q=80,,No
238,Activity,Pool,"Park Parade, Parramatta NSW 2150",Parramatta,"Mon-Fri 5:30am-8pm, Sat-Sun 7am-6pm",0-99,$,N/A,Indoor,Yes,-33.8089,151.0006,https://images.unsplash.com/photo-1576013551627-0cc20b96c2a7?w=1080&q=80,,Yes
239,Activity,Pool,"504 Victoria Road, Ryde NSW 2112",Ryde,"Mon-Fri 5:30am-9pm, Sat-Sun 7am-7pm",0-99,$$,N/A,Indoor,Yes,-33.8167,151.1078,https://images.unsplash.com/photo-1576013551627-0cc20b96c2a7?w=1080&q=80,,Yes
240,Activity,Pool,"Rawson Avenue, Sutherland NSW 2232",Sutherland,"Mon-Fri 5:30am-9pm, Sat-Sun 7am-7pm",0-99,$$,N/A,Indoor,Yes,-34.0314,151.0586,https://images.unsplash.com/photo-1576013551627-0cc20b96c2a7?w=1080&q=80,,Yes
241,Activity,Pool,"1c Mrs Macquaries Road, Sydney NSW 2000",Sydney,"Mon-Fri 5:30am-9pm, Sat-Sun 7am-7pm",0-99,$,N/A,Indoor,Yes,-33.8665,151.2192,https://images.unsplash.com/photo-1576013551627-0cc20b96c2a7?w=1080&q=80,,No
242,Activity,Pool,"4 College Street, Sydney NSW 2010",Sydney,"Mon-Fri 6am-9pm, Sat-Sun 7am-6:30pm",0-99,$,N/A,Indoor,Yes,-33.8722,151.2125,https://images.unsplash.com/photo-1576013551627-0cc20b96c2a7?w=1080&q=80,,No
243,Activity,Pool,"Olympic Boulevard, Sydney Olympic Park NSW 2127",Sydney Olympic Park,"Mon-Fri 5am-9pm, Sat-Sun 6am-7pm",0-99,$$,N/A,Indoor,Yes,-33.847,151.0664,https://images.unsplash.com/photo-1576013551627-0cc20b96c2a7?w=1080&q=80,,No
244,Activity,Pool,"458 Harris Street, Ultimo NSW 2007",Ultimo,"Mon-Fri 5:30am-9pm, Sat-Sun 7am-6:30pm",0-99,$,N/A,Indoor,Yes,-33.88,151.1986,https://images.unsplash.com/photo-1576013551627-0cc20b96c2a7?w=1080&q=80,,No
245,Activity,Soft Play,"5/110-114 Princes Highway, Albion Park Rail NSW 2527",Albion Park Rail,"Mon-Fri 9:30am-4:30pm, Sat-Sun 9:30am-5pm",0-10,$$,N/A,Indoor,Yes,-34.5714,150.7861,https://images.unsplash.com/photo-1597413545419-4013431dbfec?w=1080&q=80,,Yes
246,Activity,Soft Play,"39 Holbeche Road, Arndell Park NSW 2148",Arndell Park,"Mon-Fri 9:30am-4:30pm, Sat-Sun 9:30am-5pm",0-10,$$,N/A,Indoor,Yes,-33.7905,150.8722,https://images.unsplash.com/photo-1597413545419-4013431dbfec?w=1080&q=80,,No
247,Activity,Soft Play,"Lollipop's Playland Tweed, 1 Banker Street, Banora Point NSW 2486",Banora Point,"Mon-Fri 9:30am-4:30pm, Sat-Sun 9:30am-5pm",0-10,$$,N/A,Indoor,Yes,-28.215,153.5439,https://images.unsplash.com/photo-1597413545419-4013431dbfec?w=1080&q=80,,Yes
248,Activity,Soft Play,"2 Cawley Street, Bellambi NSW 2518",Bellambi,"Mon-Fri 9:30am-4:30pm, Sat-Sun 9:30am-5pm",0-10,$$,N/A,Indoor,Yes,-34.37,150.9189,https://images.unsplash.com/photo-1597413545419-4013431dbfec?w=1080&q=80,,Yes
249,Activity,Soft Play,"7 Apprentice Drive, Berkeley Vale NSW 2261",Berkeley Vale,"Mon-Fri 9:30am-4:30pm, Sat-Sun 9:30am-5pm",0-10,$$,N/A,Indoor,Yes,-33.3469,151.4267,https://images.unsplash.com/photo-1597413545419-4013431dbfec?w=1080&q=80,,Yes
250,Activity,Soft Play,"Westfield Bondi Junction, Oxford Street, Bondi Junction NSW 2022",Bondi Junction,Mon-Sun 10am-5pm,0-10,$$,N/A,Indoor,Yes,-33.8917,151.2517,https://images.unsplash.com/photo-1597413545419-4013431dbfec?w=1080&q=80,,Yes
251,Activity,Soft Play,"109 Old Pittwater Road, Brookvale NSW 2100",Brookvale,"Mon-Fri 9:30am-4:30pm, Sat-Sun 9:30am-5pm",0-10,$$,N/A,Indoor,Yes,-33.7672,151.27,https://images.unsplash.com/photo-1597413545419-4013431dbfec?w=1080&q=80,,Yes
252,Activity,Soft Play,"1-3 Endeavour Road, Caringbah NSW 2229",Caringbah,"Mon-Fri 9:30am-4:30pm, Sat-Sun 9:30am-5pm",0-10,$$,N/A,Indoor,Yes,-34.0394,151.1224,https://images.unsplash.com/photo-1597413545419-4013431dbfec?w=1080&q=80,,Yes
253,Activity,Soft Play,"25 Anella Avenue, Castle Hill NSW 2154",Castle Hill,"Mon-Fri 9:30am-4:30pm, Sat-Sun 9:30am-5pm",0-10,$$,N/A,Indoor,Yes,-33.73,151.005,https://images.unsplash.com/photo-1597413545419-4013431dbfec?w=1080&q=80,,Yes
254,Activity,Soft Play,"1 Dawson Street, Coffs Harbour NSW 2450",Coffs Harbour,"Mon-Fri 9:30am-4:30pm, Sat-Sun 9:30am-5pm",0-10,$$,N/A,Indoor,Yes,-30.295,153.1281,https://images.unsplash.com/photo-1597413545419-4013431dbfec?w=1080&q=80,,Yes
255,Activity,Soft Play,"16 Wentworth Street, Greenacre NSW 2190",Greenacre,"Mon-Fri 9:30am-4:30pm, Sat-Sun 9:30am-5pm",0-10,$$,N/A,Indoor,Yes,-33.8961,151.0581,https://images.unsplash.com/photo-1597413545419-4013431dbfec?w=1080&q=80,,Yes
256,Activity,Soft Play,"2/47 Wentworth Street, Greenacre NSW 2190",Greenacre,"Mon-Fri 9:30am-4:30pm, Sat-Sun 9:30am-5pm",0-10,$$,N/A,Indoor,Yes,-33.8961,151.0581,https://images.unsplash.com/photo-1597413545419-4013431dbfec?w=1080&q=80,,Yes
257,Activity,Soft Play,"4 Healey Circuit, Huntingwood NSW 2148",Huntingwood,"Mon-Fri 9:30am-4:30pm, Sat-Sun 9:30am-5pm",0-10,$$,N/A,Indoor,Yes,-33.7733,150.8794,https://images.unsplash.com/photo-1597413545419-4013431dbfec?w=1080&q=80,,Yes
258,Activity,Soft Play,"2/24 Garling Road, Kings Park NSW 2148",Kings Park,"Mon-Fri 9:30am-4:30pm, Sat-Sun 9:30am-5pm",0-10,$$,N/A,Indoor,Yes,-33.7458,150.8889,https://images.unsplash.com/photo-1597413545419-4013431dbfec?w=1080&q=80,,Yes
259,Activity,Soft Play,"Newcastle Road, Lambton NSW 2299",Lambton,"Mon-Fri 9:30am-4:30pm, Sat-Sun 9:30am-5pm",0-10,$$,N/A,Indoor,Yes,-32.9081,151.7053,https://images.unsplash.com/photo-1597413545419-4013431dbfec?w=1080&q=80,,Yes
260,Activity,Soft Play,"4 Apollo Place, Lane Cove West NSW 2066",Lane Cove West,"Mon-Fri 9:30am-4:30pm, Sat-Sun 9:30am-5pm",0-10,$$,N/A,Indoor,Yes,-33.8133,151.1556,https://images.unsplash.com/photo-1597413545419-4013431dbfec?w=1080&q=80,,Yes
261,Activity,Soft Play,"4 Hill Road, Lidcombe NSW 2141",Lidcombe,"Mon-Fri 9:30am-4:30pm, Sat-Sun 9:30am-5pm",0-10,$$,N/A,Indoor,Yes,-33.8638,151.0419,https://images.unsplash.com/photo-1597413545419-4013431dbfec?w=1080&q=80,,No
262,Activity,Soft Play,"Waterloo Road, Macquarie Park NSW 2113",Macquarie Park,"Mon-Fri 9:30am-4:30pm, Sat-Sun 9:30am-5pm",0-10,$$,N/A,Indoor,Yes,-33.7775,151.1147,https://images.unsplash.com/photo-1597413545419-4013431dbfec?w=1080&q=80,,Yes
263,Activity,Soft Play,"Kiora Street, Miranda NSW 2228",Miranda,"Mon-Fri 9:30am-4:30pm, Sat-Sun 9:30am-5pm",0-10,$$,N/A,Indoor,Yes,-34.0367,151.1019,https://images.unsplash.com/photo-1597413545419-4013431dbfec?w=1080&q=80,,Yes
264,Activity,Soft Play,"76 Heathcote Road, Moorebank NSW 2170",Moorebank,"Mon-Fri 9:30am-5pm, Sat-Sun 9:30am-5pm",0-10,$$,N/A,Indoor,Yes,-33.9526,150.951,https://images.unsplash.com/photo-1597413545419-4013431dbfec?w=1080&q=80,,No
265,Activity,Soft Play,"Wilson Street, Newtown NSW 2042",Newtown,"Mon-Fri 9:30am-4:30pm, Sat-Sun 9:30am-5pm",0-10,$$,N/A,Indoor,Yes,-33.8989,151.1797,https://images.unsplash.com/photo-1597413545419-4013431dbfec?w=1080&q=80,,Yes
266,Activity,Soft Play,"Ridge Street, North Sydney NSW 2060",North Sydney,"Mon-Fri 9:30am-4:30pm, Sat-Sun 9:30am-5pm",0-10,$$,N/A,Indoor,Yes,-33.8344,151.2069,https://images.unsplash.com/photo-1597413545419-4013431dbfec?w=1080&q=80,,Yes
267,Activity,Soft Play,"12 Inglewood Place, Norwest NSW 2153",Norwest,"Mon-Fri 9:30am-4:30pm, Sat-Sun 9:30am-5pm",0-10,$$,N/A,Indoor,Yes,-33.7333,150.9444,https://images.unsplash.com/photo-1597413545419-4013431dbfec?w=1080&q=80,,Yes
268,Activity,Soft Play,"24 Stanley Street, Peakhurst NSW 2210",Peakhurst,"Mon-Fri 9:30am-4:30pm, Sat-Sun 9:30am-5pm",0-10,$$,N/A,Indoor,Yes,-33.9678,151.0683,https://images.unsplash.com/photo-1597413545419-4013431dbfec?w=1080&q=80,,Yes
269,Activity,Soft Play,"Croc's Playcentre Punchbowl, 1 Eddy Road, Punchbowl NSW 2196",Punchbowl,"Mon-Fri 9:30am-4:30pm, Sat-Sun 9:30am-5pm",0-11,$$,N/A,Indoor,Yes,-33.9303,151.0533,https://images.unsplash.com/photo-1597413545419-4013431dbfec?w=1080&q=80,,Yes
270,Activity,Soft Play,"21-23 Whitfield Place, Richmond NSW 2753",Richmond,"Mon-Fri 9:30am-4:30pm, Sat-Sun 9:30am-5pm",0-10,$$,N/A,Indoor,Yes,-33.5994,150.7517,https://images.unsplash.com/photo-1597413545419-4013431dbfec?w=1080&q=80,,Yes
271,Activity,Soft Play,"17 Britton Street, Smithfield NSW 2164",Smithfield,"Mon-Fri 9:30am-4:30pm, Sat-Sun 9:30am-5pm",0-10,$$,N/A,Indoor,Yes,-33.8517,150.9389,https://images.unsplash.com/photo-1597413545419-4013431dbfec?w=1080&q=80,,Yes
272,Activity,Soft Play,"3/14 Britton Street, Smithfield NSW 2164",Smithfield,"Mon-Fri 9:30am-4:30pm, Sat-Sun 9:30am-5pm",0-10,$$,N/A,Indoor,Yes,-33.8517,150.9389,https://images.unsplash.com/photo-1597413545419-4013431dbfec?w=1080&q=80,,Yes
273,Activity,Soft Play,"2 Beresford Road, Strathfield NSW 2135",Strathfield,"Mon-Fri 9:30am-4:30pm, Sat-Sun 9:30am-5pm",0-10,$$,N/A,Indoor,Yes,-33.8786,151.0822,https://images.unsplash.com/photo-1597413545419-4013431dbfec?w=1080&q=80,,Yes
274,Activity,Soft Play,"1-3 Pioneer Avenue, Tuggerah NSW 2259",Tuggerah,"Mon-Fri 9:30am-4:30pm, Sat-Sun 9:30am-5pm",0-10,$$,N/A,Indoor,Yes,-33.3036,151.4178,https://images.unsplash.com/photo-1597413545419-4013431dbfec?w=1080&q=80,,Yes
275,Activity,Soft Play,"1 Bay Drive, Tuggerah NSW 2259",Tuggerah,"Mon-Fri 9:30am-4:30pm, Sat-Sun 9:30am-5pm",0-10,$$,N/A,Indoor,Yes,-33.3036,151.4178,https://images.unsplash.com/photo-1597413545419-4013431dbfec?w=1080&q=80,,Yes
276,Activity,Soft Play,"6 Ace Crescent, Tuggerah NSW 2259",Tuggerah,"Mon-Fri 9:30am-4:30pm, Sat-Sun 9:30am-5pm",0-10,$$,N/A,Indoor,Yes,-33.3036,151.4178,https://images.unsplash.com/photo-1597413545419-4013431dbfec?w=1080&q=80,,Yes
277,Activity,Soft Play,"Newcastle Road, Wallsend NSW 2287",Wallsend,"Mon-Fri 9:30am-4:30pm, Sat-Sun 9:30am-5pm",0-10,$$,N/A,Indoor,Yes,-32.9097,151.6717,https://images.unsplash.com/photo-1597413545419-4013431dbfec?w=1080&q=80,,Yes
278,Activity,Soft Play,"2/188 Garden Street, Warriewood NSW 2102",Warriewood,"Mon-Fri 9:30am-4:30pm, Sat-Sun 9:30am-5pm",0-10,$$,N/A,Indoor,Yes,-33.69,151.3017,https://images.unsplash.com/photo-1597413545419-4013431dbfec?w=1080&q=80,,Yes
279,Activity,Soft Play,"41 Auburn Street, Wollongong NSW 2500",Wollongong,"Mon-Fri 9:30am-4:30pm, Sat-Sun 9:30am-5pm",0-10,$$,N/A,Indoor,Yes,-34.4244,150.8911,https://images.unsplash.com/photo-1597413545419-4013431dbfec?w=1080&q=80,,Yes
280,Activity,Soft Play,"7 Smith Place, Wollongong NSW 2500",Wollongong,Mon-Sun 10am-5pm,0-10,$$,N/A,Indoor,Yes,-34.4244,150.8911,https://images.unsplash.com/photo-1597413545419-4013431dbfec?w=1080&q=80,,Yes
281,Activity,Soft Play,"Ocean Beach Road, Woy Woy NSW 2256",Woy Woy,"Mon-Fri 9:30am-4:30pm, Sat-Sun 9:30am-5pm",0-10,$$,N/A,Indoor,Yes,-33.4906,151.3275,https://images.unsplash.com/photo-1597413545419-4013431dbfec?w=1080&q=80,,Yes
282,Activity,Soft Play,"8 Pine Road, Yennora NSW 2161",Yennora,"Mon-Fri 9:30am-4:30pm, Sat-Sun 9:30am-5pm",0-10,$$,N/A,Indoor,Yes,-33.8631,150.955,https://images.unsplash.com/photo-1597413545419-4013431dbfec?w=1080&q=80,,Yes
283,Activity,Tourism,"31 Darling Street, Abbotsbury NSW 2176",Abbotsbury,Mon-Sun 9am-4pm,0-12,$$,N/A,Outdoor,Partial,-33.8703,150.8636,https://images.unsplash.com/photo-1523482580672-f109ba8cb9be?w=1080&q=80,,Yes
284,Activity,Tourism,"224 Howick Street, Bathurst NSW 2795",Bathurst,Mon-Sun 10am-4pm,5-99,$$,N/A,Indoor,Yes,-33.418,149.5775,https://images.unsplash.com/photo-1523482580672-f109ba8cb9be?w=1080&q=80,,Yes
285,Activity,Tourism,"Govetts Leap Road, Blackheath NSW 2785",Blackheath,Daylight hours,5-99,Free,N/A,Outdoor,Yes,-33.6306,150.3083,https://images.unsplash.com/photo-1523482580672-f109ba8cb9be?w=1080&q=80,,No
286,Activity,Tourism,"Lighthouse Road, Byron Bay NSW 2481",Byron Bay,Daylight hours,0-99,$,N/A,Outdoor,Yes,-28.6342,153.6378,https://images.unsplash.com/photo-1523482580672-f109ba8cb9be?w=1080&q=80,,No
287,Activity,Tourism,"13 Darkinjung Road, Calga NSW 2250",Calga,Mon-Sun 9am-4pm,0-99,$$,N/A,Outdoor,Partial,-33.4197,151.1939,https://images.unsplash.com/photo-1523482580672-f109ba8cb9be?w=1080&q=80,,Yes
288,Activity,Tourism,"Lawrence Hargrave Drive, Coalcliff NSW 2508",Coalcliff,24/7,0-99,Free,N/A,Outdoor,Yes,-34.2542,150.9722,https://images.unsplash.com/photo-1523482580672-f109ba8cb9be?w=1080&q=80,,No
289,Activity,Tourism,"351 Pacific Highway, Coffs Harbour NSW 2450",Coffs Harbour,Mon-Sun 9am-4:30pm,0-99,$$,N/A,Outdoor,Yes,-30.2706,153.1192,https://images.unsplash.com/photo-1523482580672-f109ba8cb9be?w=1080&q=80,,No
290,Activity,Tourism,"Orlando Street, Coffs Harbour NSW 2450",Coffs Harbour,Mon-Sun 9am-4pm,0-99,$$$,N/A,Outdoor,Yes,-30.2917,153.1306,https://images.unsplash.com/photo-1523482580672-f109ba8cb9be?w=1080&q=80,,Yes
291,Activity,Tourism,"217 Kildare Road, Doonside NSW 2767",Doonside,Mon-Sun 9am-5pm,0-99,$$$,N/A,Outdoor,Yes,-33.7677,150.8751,https://images.unsplash.com/photo-1523482580672-f109ba8cb9be?w=1080&q=80,,No
292,Activity,Tourism,"Obley Road, Dubbo NSW 2830",Dubbo,Mon-Sun 9am-4pm,0-99,$$$,N/A,Outdoor,Yes,-32.2417,148.5919,https://images.unsplash.com/photo-1523482580672-f109ba8cb9be?w=1080&q=80,,No
293,Activity,Tourism,"90 Macquarie Street, Dubbo NSW 2830",Dubbo,Mon-Sun 9am-4pm,5-99,$$,N/A,Indoor,Yes,-32.2453,148.6028,https://images.unsplash.com/photo-1523482580672-f109ba8cb9be?w=1080&q=80,,Yes
294,Activity,Tourism,"29 Duranbah Road, Duranbah NSW 2487",Duranbah,Mon-Sun 10am-6pm,0-99,$$,N/A,Outdoor,Yes,-28.3389,153.5089,https://images.unsplash.com/photo-1523482580672-f109ba8cb9be?w=1080&q=80,,Yes
295,Activity,Tourism,"Nowra Road, Fitzroy Falls NSW 2577",Fitzroy Falls,Daylight hours,0-99,Free,N/A,Outdoor,Partial,-34.6483,150.4878,https://images.unsplash.com/photo-1523482580672-f109ba8cb9be?w=1080&q=80,,No
296,Activity,Tourism,"Cooks Road, Glenworth Valley NSW 2250",Glenworth Valley,Mon-Sun 9am-5pm,5-99,$$$,N/A,Outdoor,Partial,-33.4889,151.2522,https://images.unsplash.com/photo-1523482580672-f109ba8cb9be?w=1080&q=80,,Yes
297,Activity,Tourism,"Sowerby Street, Goulburn NSW 2580",Goulburn,Mon-Sun 9am-5pm,0-99,$,N/A,Indoor,Yes,-34.7531,149.7194,https://images.unsplash.com/photo-1523482580672-f109ba8cb9be?w=1080&q=80,,No
298,Activity,Tourism,"7-11 Lawrence Hargrave Drive, Helensburgh NSW 2508",Helensburgh,Mon-Sun 9:30am-5pm,0-99,$$$,N/A,Outdoor,Yes,-34.1742,150.9994,https://images.unsplash.com/photo-1523482580672-f109ba8cb9be?w=1080&q=80,,No
299,Activity,Tourism,"1215 Jamberoo Road, Jamberoo NSW 2533",Jamberoo,Mon-Sun 10am-6pm,3-99,$$$,N/A,Outdoor,Partial,-34.65,150.7619,https://images.unsplash.com/photo-1523482580672-f109ba8cb9be?w=1080&q=80,,No
300,Activity,Tourism,"Minnamurra Falls Road, Jamberoo NSW 2533",Jamberoo,Mon-Sun 9am-5pm,0-99,$,N/A,Outdoor,Partial,-34.6336,150.7283,https://images.unsplash.com/photo-1523482580672-f109ba8cb9be?w=1080&q=80,,Yes
301,Activity,Tourism,"4655 Jenolan Caves Road, Jenolan NSW 2790",Jenolan,Mon-Sun 9am-5pm,5-99,$$$,N/A,Indoor,Partial,-33.8197,150.0264,https://images.unsplash.com/photo-1523482580672-f109ba8cb9be?w=1080&q=80,,No
302,Activity,Tourism,"1 Violet Street, Katoomba NSW 2780",Katoomba,Mon-Sun 9am-5pm,0-99,$$$,N/A,Outdoor,Yes,-33.7287,150.301,https://images.unsplash.com/photo-1523482580672-f109ba8cb9be?w=1080&q=80,,No
303,Activity,Tourism,"Echo Point Road, Katoomba NSW 2780",Katoomba,24/7,0-99,Free,N/A,Outdoor,Yes,-33.7322,150.3122,https://images.unsplash.com/photo-1523482580672-f109ba8cb9be?w=1080&q=80,,No
304,Activity,Tourism,"Blowhole Point Road, Kiama NSW 2533",Kiama,24/7,0-99,Free,N/A,Outdoor,Yes,-34.6731,150.8633,https://images.unsplash.com/photo-1523482580672-f109ba8cb9be?w=1080&q=80,,No
305,Activity,Tourism,"182 Knights Hill Road, Knights Hill NSW 2577",Knights Hill,Mon-Sun 9am-5pm,3-99,$$$,N/A,Outdoor,Yes,-34.6917,150.7475,https://images.unsplash.com/photo-1523482580672-f109ba8cb9be?w=1080&q=80,,Yes
306,Activity,Tourism,"419 Hinterland Way, Knockrow NSW 2479",Knockrow,Mon-Sun 9am-4pm,0-99,$$,N/A,Outdoor,Yes,-28.7639,153.5394,https://images.unsplash.com/photo-1523482580672-f109ba8cb9be?w=1080&q=80,,Yes
307,Activity,Tourism,"Cliff Drive, Leura NSW 2780",Leura,Daylight hours,5-99,Free,N/A,Outdoor,No,-33.7158,150.3322,https://images.unsplash.com/photo-1523482580672-f109ba8cb9be?w=1080&q=80,,No
308,Activity,Tourism,"1 Olympic Drive, Milsons Point NSW 2061",Milsons Point,"Mon-Thu 11am-5pm, Fri 11am-9pm, Sat 10am-9pm, Sun 10am-7pm",0-99,$$$,N/A,Outdoor,Yes,-33.8475,151.2103,https://images.unsplash.com/photo-1523482580672-f109ba8cb9be?w=1080&q=80,,No
309,Activity,Tourism,"222 Tomakin Road, Mogo NSW 2536",Mogo,Mon-Sun 9am-5pm,0-99,$$$,N/A,Outdoor,Yes,-35.7794,150.1503,https://images.unsplash.com/photo-1523482580672-f109ba8cb9be?w=1080&q=80,,No
310,Activity,Tourism,"81 Monet Drive, Montecollum NSW 2479",Montecollum,Mon-Sun 10am-6pm,0-99,$$,N/A,Outdoor,Partial,-28.5917,153.4833,https://images.unsplash.com/photo-1523482580672-f109ba8cb9be?w=1080&q=80,,Yes
311,Activity,Tourism,"Bradleys Head Road, Mosman NSW 2088",Mosman,Mon-Sun 9:30am-5pm,0-99,$$$,N/A,Outdoor,Yes,-33.8434,151.2413,https://images.unsplash.com/photo-1523482580672-f109ba8cb9be?w=1080&q=80,,No
312,Activity,Tourism,"Mount Annan Drive, Mount Annan NSW 2567",Mount Annan,Mon-Sun 9am-5pm,0-99,Free,N/A,Outdoor,Yes,-34.0742,150.7681,https://images.unsplash.com/photo-1523482580672-f109ba8cb9be?w=1080&q=80,,Yes
313,Activity,Tourism,"Bells Line of Road, Mount Tomah NSW 2758",Mount Tomah,Mon-Sun 9am-5pm,0-99,Free,N/A,Outdoor,Partial,-33.545,150.4194,https://images.unsplash.com/photo-1523482580672-f109ba8cb9be?w=1080&q=80,,Yes
314,Activity,Tourism,"Carnley Avenue, New Lambton Heights NSW 2305",New Lambton Heights,Mon-Sun 10am-6pm,0-99,Free,N/A,Outdoor,Yes,-32.9358,151.6839,https://images.unsplash.com/photo-1523482580672-f109ba8cb9be?w=1080&q=80,,Yes
315,Activity,Tourism,"138 Lomas Lane, Nulkaba NSW 2325",Nulkaba,Mon-Sun 9am-4pm,0-99,$$,N/A,Outdoor,Yes,-32.77,151.3119,https://images.unsplash.com/photo-1523482580672-f109ba8cb9be?w=1080&q=80,,Yes
316,Activity,Tourism,"Red Hill Road, Ourimbah NSW 2258",Ourimbah,Mon-Sun 9am-5pm,3-99,$$$,N/A,Outdoor,No,-33.3611,151.3736,https://images.unsplash.com/photo-1523482580672-f109ba8cb9be?w=1080&q=80,,Yes
317,Activity,Tourism,"Cumberland State Forest, 95 Castle Hill Road, West Pennant Hills NSW 2125",Pennant Hills,Mon-Sun 9am-5pm,3-99,$$$,N/A,Outdoor,No,-33.7372,151.0653,https://images.unsplash.com/photo-1523482580672-f109ba8cb9be?w=1080&q=80,,Yes
318,Activity,Tourism,"2090 Broke Road, Pokolbin NSW 2320",Pokolbin,Mon-Sun 9am-5pm,0-99,$$,N/A,Outdoor,Yes,-32.7795,151.2978,https://images.unsplash.com/photo-1523482580672-f109ba8cb9be?w=1080&q=80,,No
319,Activity,Tourism,"Lord Street, Port Macquarie NSW 2444",Port Macquarie,Mon-Sun 8am-4:30pm,0-99,Free,N/A,Outdoor,Yes,-31.4356,152.9006,https://images.unsplash.com/photo-1523482580672-f109ba8cb9be?w=1080&q=80,,Yes
320,Activity,Tourism,"3 Oakvale Drive, Salt Ash NSW 2318",Salt Ash,Mon-Sun 10am-4pm,0-99,$$,N/A,Outdoor,Yes,-32.7536,151.9319,https://images.unsplash.com/photo-1523482580672-f109ba8cb9be?w=1080&q=80,,Yes
321,Activity,Tourism,"69 Pacific Highway, Somersby NSW 2250",Somersby,Mon-Sun 9am-5pm,0-99,$$$,N/A,Outdoor,Yes,-33.3819,151.2952,https://images.unsplash.com/photo-1523482580672-f109ba8cb9be?w=1080&q=80,,No
322,Activity,Tourism,"1-5 Wheat Road, Sydney NSW 2000",Sydney,Mon-Sun 10am-6pm,0-99,$$$,N/A,Indoor,Yes,-33.8694,151.2017,https://images.unsplash.com/photo-1523482580672-f109ba8cb9be?w=1080&q=80,,No
323,Activity,Tourism,"1-5 Wheat Road, Sydney NSW 2000",Sydney,Mon-Sun 9am-5pm,0-99,$$$,N/A,Indoor,Yes,-33.8693,151.2014,https://images.unsplash.com/photo-1523482580672-f109ba8cb9be?w=1080&q=80,,No
324,Activity,Tourism,"1-5 Wheat Road, Sydney NSW 2000",Sydney,Mon-Sun 9am-5pm,5-99,$$$,N/A,Indoor,Yes,-33.8693,151.2017,https://images.unsplash.com/photo-1523482580672-f109ba8cb9be?w=1080&q=80,,No
325,Activity,Tourism,"100 Market Street, Sydney NSW 2000",Sydney,Mon-Sun 10am-7pm,5-99,$$$,N/A,Indoor,Yes,-33.8704,151.2089,https://images.unsplash.com/photo-1523482580672-f109ba8cb9be?w=1080&q=80,,No
326,Activity,Tourism,"Memorial Park, The Esplanade, The Entrance NSW 2261",The Entrance,Daily 3:30pm,0-99,Free,N/A,Outdoor,Yes,-33.3389,151.4969,https://images.unsplash.com/photo-1523482580672-f109ba8cb9be?w=1080&q=80,,Yes
327,Activity,Tourism,"Falls Road, Wentworth Falls NSW 2782",Wentworth Falls,Daylight hours,5-99,Free,N/A,Outdoor,Partial,-33.7269,150.3789,https://images.unsplash.com/photo-1523482580672-f109ba8cb9be?w=1080&q=80,,No
328,Activity,Tourism,"Wombeyan Caves Road, Wombeyan Caves NSW 2580",Wombeyan Caves,Mon-Sun 9am-5pm,5-99,$$,N/A,Indoor,No,-34.3133,149.9692,https://images.unsplash.com/photo-1523482580672-f109ba8cb9be?w=1080&q=80,,Yes
329,Activity,Tourism,"141 Pacific Highway, Wyong NSW 2259",Wyong,Mon-Sun 9am-4pm,0-99,$,N/A,Indoor,Yes,-33.2825,151.4244,https://images.unsplash.com/photo-1523482580672-f109ba8cb9be?w=1080&q=80,,Yes
330,Eatery,Bakery,"34/2 Huntley Street, Alexandria NSW 2015",Alexandria,Mon-Sun 8am-5pm,0-99,$,N/A,Indoor,Yes,-33.9101,151.1942,https://images.unsplash.com/photo-1509440159596-0249088772ff?w=1080&q=80,,Yes
331,Eatery,Bakery,"49 Curlewis Street, Bondi Beach NSW 2026",Bondi Beach,"Mon-Sat 7am-4pm, Sun 7am-3pm",0-99,$,N/A,Indoor,Yes,-33.8908,151.2735,https://images.unsplash.com/photo-1509440159596-0249088772ff?w=1080&q=80,,Yes
332,Eatery,Bakery,"82 Hall Street, Bondi Beach NSW 2026",Bondi Beach,Mon-Sun 6am-9pm,0-99,$,N/A,Indoor,Yes,-33.8915,151.2767,https://images.unsplash.com/photo-1509440159596-0249088772ff?w=1080&q=80,,Yes
333,Eatery,Bakery,"73 Old Pittwater Road, Brookvale NSW 2100",Brookvale,"Mon-Sat 7am-4pm, Sun 7am-3pm",0-99,$,N/A,Indoor,Yes,-33.7672,151.27,https://images.unsplash.com/photo-1509440159596-0249088772ff?w=1080&q=80,,Yes
334,Eatery,Bakery,"33 Glebe Point Road, Glebe NSW 2037",Glebe,"Mon-Sat 7am-4pm, Sun 7am-3pm",0-99,$,N/A,Indoor,Yes,-33.8794,151.1856,https://images.unsplash.com/photo-1509440159596-0249088772ff?w=1080&q=80,,Yes
335,Eatery,Bakery,"Iggy's Bread Newcastle, 79 Hunter Street, Newcastle NSW 2300",Newcastle,"Mon-Sat 7am-4pm, Sun 7am-3pm",0-99,$,N/A,Indoor,Yes,-32.9272,151.7806,https://images.unsplash.com/photo-1509440159596-0249088772ff?w=1080&q=80,,Yes
336,Eatery,Bakery,"277 Australia Street, Newtown NSW 2042",Newtown,Mon-Sun 7am-5pm,0-99,$,N/A,Indoor,Yes,-33.8989,151.1797,https://images.unsplash.com/photo-1509440159596-0249088772ff?w=1080&q=80,,No
337,Eatery,Bakery,"215 Glenmore Road, Paddington NSW 2021",Paddington,Mon-Sun 6:30am-4pm,0-99,$,N/A,Indoor,Yes,-33.8842,151.2289,https://images.unsplash.com/photo-1509440159596-0249088772ff?w=1080&q=80,,Yes
338,Eatery,Bakery,"119 Macleay Street, Potts Point NSW 2011",Potts Point,Mon-Sun 7:30am-3pm,0-99,$,N/A,Indoor,Yes,-33.8736,151.2244,https://images.unsplash.com/photo-1509440159596-0249088772ff?w=1080&q=80,,Yes
339,Eatery,Bakery,"86 Bourke Street, Surry Hills NSW 2010",Surry Hills,"Mon-Sat 7am-4pm, Sun 7am-3pm",0-99,$,N/A,Indoor,Yes,-33.8896,151.2129,https://images.unsplash.com/photo-1509440159596-0249088772ff?w=1080&q=80,,No
340,Eatery,Bakery,"633 Bourke Street, Surry Hills NSW 2010",Surry Hills,"Mon-Sat 7am-4pm, Sun 7am-3pm",0-99,$,N/A,Indoor,Yes,-33.8896,151.2129,https://images.unsplash.com/photo-1509440159596-0249088772ff?w=1080&q=80,,Yes
341,Eatery,Bakery,"102 Foveaux Street, Surry Hills NSW 2010",Surry Hills,Mon-Sun 7am-5pm,0-99,$,N/A,Indoor,Yes,-33.8856,151.2128,https://images.unsplash.com/photo-1509440159596-0249088772ff?w=1080&q=80,,Yes
342,Eatery,Bakery,"206 Cleveland Street, Surry Hills NSW 2010",Surry Hills,"Mon-Sat 7am-4pm, Sun 7am-3pm",0-99,$,N/A,Indoor,Yes,-33.8867,151.2089,https://images.unsplash.com/photo-1509440159596-0249088772ff?w=1080&q=80,,Yes
343,Eatery,Cafe,"7A/2 Huntley Street, Alexandria NSW 2015",Alexandria,"Mon-Fri 7am-4pm, Sat-Sun 7:30am-4pm",0-99,$$,No,Indoor,Yes,-33.9101,151.1942,https://images.unsplash.com/photo-1495474472287-4d71bcdd2085?w=1080&q=80,,No
344,Eatery,Cafe,"Sydney Park Road, Alexandria NSW 2015",Alexandria,"Mon-Fri 7am-4pm, Sat-Sun 7am-3pm",0-99,$$,No,Indoor,Yes,-33.9089,151.1856,https://images.unsplash.com/photo-1495474472287-4d71bcdd2085?w=1080&q=80,,Yes
345,Eatery,Cafe,"162 Avoca Drive, Avoca Beach NSW 2251",Avoca Beach,"Mon-Fri 7am-3pm, Sat-Sun 7am-3pm",0-99,$$,No,Indoor,Yes,-33.4683,151.4361,https://images.unsplash.com/photo-1495474472287-4d71bcdd2085?w=1080&q=80,,Yes
346,Eatery,Cafe,"281 Darling Street, Balmain NSW 2041",Balmain,Mon-Sun 6am-5pm,0-99,$$,No,Indoor,Yes,-33.8588,151.1804,https://images.unsplash.com/photo-1495474472287-4d71bcdd2085?w=1080&q=80,,Yes
347,Eatery,Cafe,"4 The Esplanade, Balmoral NSW 2088",Balmoral,Mon-Sun 7am-3pm,0-99,$$,No,Indoor,Yes,-33.8253,151.252,https://images.unsplash.com/photo-1495474472287-4d71bcdd2085?w=1080&q=80,,No
348,Eatery,Cafe,"173 William Street, Bathurst NSW 2795",Bathurst,Mon-Sun 8am-3pm,0-99,$$,No,Indoor,Yes,-33.418,149.5775,https://images.unsplash.com/photo-1495474472287-4d71bcdd2085?w=1080&q=80,,Yes
349,Eatery,Cafe,"46 Hall Street, Bondi Beach NSW 2026",Bondi Beach,Mon-Sun 7am-9pm,0-99,$$,No,Indoor,Yes,-33.8915,151.2767,https://images.unsplash.com/photo-1495474472287-4d71bcdd2085?w=1080&q=80,,Yes
350,Eatery,Cafe,"1 Acacia Close, Bowral NSW 2576",Bowral,Mon-Sun 8am-3pm,0-99,$$,No,Indoor,Yes,-34.4814,150.4172,https://images.unsplash.com/photo-1495474472287-4d71bcdd2085?w=1080&q=80,,Yes
351,Eatery,Cafe,"2 Marvel Street, Byron Bay NSW 2481",Byron Bay,"Mon-Fri 6:30am-3pm, Sat-Sun 7am-3pm",0-99,$$,No,Indoor,Yes,-28.6431,153.6122,https://images.unsplash.com/photo-1495474472287-4d71bcdd2085?w=1080&q=80,,Yes
352,Eatery,Cafe,"65 Carlyle Street, Byron Bay NSW 2481",Byron Bay,Mon-Sun 6:30am-3pm,0-99,$$,No,Outdoor,Yes,-28.6431,153.6122,https://images.unsplash.com/photo-1495474472287-4d71bcdd2085?w=1080&q=80,,Yes
353,Eatery,Cafe,"399 Ewingsdale Road, Byron Bay NSW 2481",Byron Bay,"Mon-Fri 7am-3pm, Sat-Sun 7am-3pm",0-99,$$,No,Outdoor,Yes,-28.6306,153.5703,https://images.unsplash.com/photo-1495474472287-4d71bcdd2085?w=1080&q=80,,Yes
354,Eatery,Cafe,"Cabarita Road, Cabarita NSW 2137",Cabarita,"Mon-Fri 7am-3pm, Sat-Sun 7am-3pm",0-99,$$,No,Indoor,Yes,-33.8503,151.1083,https://images.unsplash.com/photo-1495474472287-4d71bcdd2085?w=1080&q=80,,Yes
355,Eatery,Cafe,"Grand Drive, Centennial Park NSW 2021",Centennial Park,Mon-Sun 8am-4pm,0-99,$$,No,Indoor,Yes,-33.8969,151.2308,https://images.unsplash.com/photo-1495474472287-4d71bcdd2085?w=1080&q=80,,Yes
356,Eatery,Cafe,"69 Marina Drive, Coffs Harbour NSW 2450",Coffs Harbour,Mon-Sun 10am-7pm,0-99,$$,No,Indoor,Yes,-30.3083,153.1417,https://images.unsplash.com/photo-1495474472287-4d71bcdd2085?w=1080&q=80,,Yes
357,Eatery,Cafe,"Coffs Central, Vernon Street, Coffs Harbour NSW 2450",Coffs Harbour,"Mon-Fri 7am-3pm, Sat-Sun 7am-3pm",0-99,$$,No,Indoor,Yes,-30.295,153.1281,https://images.unsplash.com/photo-1495474472287-4d71bcdd2085?w=1080&q=80,,Yes
358,Eatery,Cafe,"Anzac Avenue, Collaroy NSW 2097",Collaroy,"Mon-Fri 7am-3pm, Sat-Sun 7am-3pm",0-99,$$,No,Indoor,Yes,-33.7361,151.3056,https://images.unsplash.com/photo-1495474472287-4d71bcdd2085?w=1080&q=80,,Yes
359,Eatery,Cafe,"137 Darby Street, Cooks Hill NSW 2300",Cooks Hill,Mon-Sun 7am-10pm,0-99,$$,No,Indoor,Yes,-32.9333,151.76,https://images.unsplash.com/photo-1495474472287-4d71bcdd2085?w=1080&q=80,,Yes
360,Eatery,Cafe,"9 Cronulla Street, Cronulla NSW 2230",Cronulla,"Mon-Fri 7am-3pm, Sat-Sun 7am-3pm",0-99,$$,No,Indoor,Yes,-34.0577,151.1547,https://images.unsplash.com/photo-1495474472287-4d71bcdd2085?w=1080&q=80,,Yes
361,Eatery,Cafe,"433 Liverpool Street, Darlinghurst NSW 2010",Darlinghurst,"Mon-Fri 7:30am-3pm, Sat-Sun 7:30am-3pm",0-99,$$,No,Indoor,Yes,-33.8794,151.2192,https://images.unsplash.com/photo-1495474472287-4d71bcdd2085?w=1080&q=80,,No
362,Eatery,Cafe,"174 Macquarie Street, Dubbo NSW 2830",Dubbo,Mon-Sun 11am-late,0-99,$$,No,Indoor,Yes,-32.2453,148.6028,https://images.unsplash.com/photo-1495474472287-4d71bcdd2085?w=1080&q=80,,Yes
363,Eatery,Cafe,"48 Wingewarra Street, Dubbo NSW 2830",Dubbo,"Mon-Fri 7am-3pm, Sat-Sun 7am-3pm",0-99,$$,No,Indoor,Yes,-32.2453,148.6028,https://images.unsplash.com/photo-1495474472287-4d71bcdd2085?w=1080&q=80,,Yes
364,Eatery,Cafe,"1 Ewingsdale Road, Ewingsdale NSW 2481",Ewingsdale,"Mon-Fri 7am-3pm, Sat-Sun 7am-3pm",0-99,$$,No,Indoor,Yes,-28.6306,153.5703,https://images.unsplash.com/photo-1495474472287-4d71bcdd2085?w=1080&q=80,,Yes
365,Eatery,Cafe,"41 Wharf Street, Forster NSW 2428",Forster,"Mon-Fri 7am-3pm, Sat-Sun 7am-3pm",0-99,$$,No,Indoor,Yes,-32.1789,152.5167,https://images.unsplash.com/photo-1495474472287-4d71bcdd2085?w=1080&q=80,,Yes
366,Eatery,Cafe,"123 Ferry Road, Glebe NSW 2037",Glebe,Mon-Sun 8am-9pm,0-99,$$,No,Indoor,Yes,-33.8736,151.1839,https://images.unsplash.com/photo-1495474472287-4d71bcdd2085?w=1080&q=80,,Yes
367,Eatery,Cafe,"51 Glebe Point Road, Glebe NSW 2037",Glebe,Mon-Sun 8am-9pm,0-99,$$,No,Indoor,Yes,-33.8794,151.1856,https://images.unsplash.com/photo-1495474472287-4d71bcdd2085?w=1080&q=80,,Yes
368,Eatery,Cafe,"185 Katoomba Street, Katoomba NSW 2780",Katoomba,"Mon-Fri 7am-3pm, Sat-Sun 7am-3pm",0-99,$$,No,Indoor,Yes,-33.7158,150.3122,https://images.unsplash.com/photo-1495474472287-4d71bcdd2085?w=1080&q=80,,Yes
369,Eatery,Cafe,"2 Mona Street, Kensington NSW 2033",Kensington,"Mon-Fri 7am-3pm, Sat-Sun 7am-3pm",0-99,$$,No,Indoor,Yes,-33.9203,151.2236,https://images.unsplash.com/photo-1495474472287-4d71bcdd2085?w=1080&q=80,,Yes
370,Eatery,Cafe,"84 Railway Parade, Leura NSW 2780",Leura,Mon-Sun 8am-late,0-99,$$,No,Indoor,Yes,-33.7158,150.3322,https://images.unsplash.com/photo-1495474472287-4d71bcdd2085?w=1080&q=80,,Yes
371,Eatery,Cafe,"Marine Parade, Manly NSW 2095",Manly,"Mon-Fri 7am-3pm, Sat-Sun 7am-3pm",0-99,$$,No,Indoor,Yes,-33.8019,151.2942,https://images.unsplash.com/photo-1495474472287-4d71bcdd2085?w=1080&q=80,,Yes
372,Eatery,Cafe,"28 South Steyne, Manly NSW 2095",Manly,Mon-Sun 7am-9pm,0-99,$$,No,Indoor,Yes,-33.7969,151.2876,https://images.unsplash.com/photo-1495474472287-4d71bcdd2085?w=1080&q=80,,Yes
373,Eatery,Cafe,"West Esplanade, Manly NSW 2095",Manly,Mon-Sun 8am-4pm,0-99,$$,No,Indoor,Yes,-33.8,151.2845,https://images.unsplash.com/photo-1495474472287-4d71bcdd2085?w=1080&q=80,,Yes
374,Eatery,Cafe,"314 Illawarra Road, Marrickville NSW 2204",Marrickville,"Mon-Fri 7:30am-3pm, Sat-Sun 7:30am-3pm",0-99,$$,No,Indoor,Yes,-33.9078,151.1583,https://images.unsplash.com/photo-1495474472287-4d71bcdd2085?w=1080&q=80,,Yes
375,Eatery,Cafe,"Chowder Bay Road, Mosman NSW 2088",Mosman,Mon-Sun 8am-3pm,0-99,$$,No,Indoor,Yes,-33.84,151.2533,https://images.unsplash.com/photo-1495474472287-4d71bcdd2085?w=1080&q=80,,Yes
376,Eatery,Cafe,"749 Mount View Road, Mount View NSW 2325",Mount View,Wed-Sun 12pm-3pm,0-99,$$,No,Indoor,Yes,-32.782,151.267,https://images.unsplash.com/photo-1495474472287-4d71bcdd2085?w=1080&q=80,,Yes
377,Eatery,Cafe,"61 Shortland Esplanade, Newcastle NSW 2300",Newcastle,Mon-Sun 6:30am-4pm,0-99,$$,No,Indoor,Yes,-32.9295,151.7849,https://images.unsplash.com/photo-1495474472287-4d71bcdd2085?w=1080&q=80,,Yes
378,Eatery,Cafe,"148 Parry Street, Newcastle West NSW 2302",Newcastle West,Mon-Sun 7am-10pm,0-99,$$,No,Indoor,Yes,-32.9286,151.7656,https://images.unsplash.com/photo-1495474472287-4d71bcdd2085?w=1080&q=80,,Yes
379,Eatery,Cafe,"126 Ramsgate Avenue, North Bondi NSW 2026",North Bondi,"Mon-Fri 6:30am-3pm, Sat-Sun 7am-3pm",0-99,$$,No,Indoor,Yes,-33.8902,151.2787,https://images.unsplash.com/photo-1495474472287-4d71bcdd2085?w=1080&q=80,,Yes
380,Eatery,Cafe,"1 Cliff Road, North Wollongong NSW 2500",North Wollongong,"Mon-Fri 7am-3pm, Sat-Sun 7am-3pm",0-99,$$,No,Indoor,Yes,-34.4192,150.9011,https://images.unsplash.com/photo-1495474472287-4d71bcdd2085?w=1080&q=80,,Yes
381,Eatery,Cafe,"86 Sale Street, Orange NSW 2800",Orange,"Mon-Fri 7am-3pm, Sat-Sun 7am-3pm",0-99,$$,No,Indoor,Yes,-33.2839,149.0989,https://images.unsplash.com/photo-1495474472287-4d71bcdd2085?w=1080&q=80,,Yes
382,Eatery,Cafe,"Governor Phillip Park, Palm Beach NSW 2108",Palm Beach,"Mon-Fri 7am-3pm, Sat-Sun 7am-3pm",0-99,$$,No,Indoor,Yes,-33.5953,151.3263,https://images.unsplash.com/photo-1495474472287-4d71bcdd2085?w=1080&q=80,,No
383,Eatery,Cafe,"21 Wentworth Street, Parramatta NSW 2150",Parramatta,"Mon-Fri 7am-3pm, Sat-Sun 7am-3pm",0-99,$$,No,Indoor,Yes,-33.8147,151.0017,https://images.unsplash.com/photo-1495474472287-4d71bcdd2085?w=1080&q=80,,Yes
384,Eatery,Cafe,"William Street, Port Macquarie NSW 2444",Port Macquarie,"Mon-Fri 7am-3pm, Sat-Sun 7am-3pm",0-99,$$,No,Indoor,Yes,-31.4297,152.9089,https://images.unsplash.com/photo-1495474472287-4d71bcdd2085?w=1080&q=80,,Yes
385,Eatery,Cafe,"23A Pirrama Road, Pyrmont NSW 2009",Pyrmont,"Mon-Fri 7am-4pm, Sat-Sun 7am-3pm",0-99,$$,No,Indoor,Yes,-33.8689,151.1953,https://images.unsplash.com/photo-1495474472287-4d71bcdd2085?w=1080&q=80,,Yes
386,Eatery,Cafe,"Lyne Park, Rose Bay NSW 2029",Rose Bay,"Mon-Fri 7am-3pm, Sat-Sun 7am-3pm",0-99,$$,No,Indoor,Yes,-33.874,151.2666,https://images.unsplash.com/photo-1495474472287-4d71bcdd2085?w=1080&q=80,,Yes
387,Eatery,Cafe,"1/85 Dunning Avenue, Rosebery NSW 2018",Rosebery,"Mon-Fri 7am-3pm, Sat-Sun 7am-3pm",0-99,$$,No,Indoor,Yes,-33.9234,151.2069,https://images.unsplash.com/photo-1495474472287-4d71bcdd2085?w=1080&q=80,,No
388,Eatery,Cafe,"61 Albion Street, Surry Hills NSW 2010",Surry Hills,"Mon-Fri 7am-4pm, Sat-Sun 7am-3pm",0-99,$$,No,Indoor,Yes,-33.8847,151.2122,https://images.unsplash.com/photo-1495474472287-4d71bcdd2085?w=1080&q=80,,Yes
389,Eatery,Cafe,"60-64 Reservoir Street, Surry Hills NSW 2010",Surry Hills,"Mon-Fri 7am-4pm, Sat-Sun 7am-3pm",0-99,$$,No,Indoor,Yes,-33.8842,151.2089,https://images.unsplash.com/photo-1495474472287-4d71bcdd2085?w=1080&q=80,,Yes
390,Eatery,Cafe,"118 Devonshire Street, Surry Hills NSW 2010",Surry Hills,"Mon-Fri 7am-3pm, Sat-Sun 7am-3pm",0-99,$$,No,Indoor,Yes,-33.8889,151.2122,https://images.unsplash.com/photo-1495474472287-4d71bcdd2085?w=1080&q=80,,Yes
391,Eatery,Cafe,"16 Sussex Street, Sydney NSW 2000",Sydney,Mon-Sun 7am-10pm,0-99,$$,No,Indoor,Yes,-33.8642,151.2017,https://images.unsplash.com/photo-1495474472287-4d71bcdd2085?w=1080&q=80,,Yes
392,Eatery,Cafe,"11 Murray Rose Avenue, Sydney Olympic Park NSW 2127",Sydney Olympic Park,"Mon-Fri 7am-3pm, Sat-Sun 7am-3pm",0-99,$$,No,Indoor,Yes,-33.8467,151.0744,https://images.unsplash.com/photo-1495474472287-4d71bcdd2085?w=1080&q=80,,Yes
393,Eatery,Cafe,"1 Marine Drive, Tea Gardens NSW 2324",Tea Gardens,"Mon-Fri 7am-3pm, Sat-Sun 7am-3pm",0-99,$$,No,Outdoor,Yes,-32.675,152.1611,https://images.unsplash.com/photo-1495474472287-4d71bcdd2085?w=1080&q=80,,Yes
394,Eatery,Cafe,"109 Scenic Highway, Terrigal NSW 2260",Terrigal,Mon-Sun 12pm-9pm,0-99,$$,No,Indoor,Yes,-33.4475,151.4458,https://images.unsplash.com/photo-1495474472287-4d71bcdd2085?w=1080&q=80,,Yes
395,Eatery,Cafe,"20 Pine Gully Road, Wagga Wagga NSW 2650",Wagga Wagga,Tue-Sun 10am-3pm,0-99,$$,No,Indoor,Yes,-35.1067,147.3711,https://images.unsplash.com/photo-1495474472287-4d71bcdd2085?w=1080&q=80,,Yes
396,Eatery,Cafe,"Marine Parade, Watsons Bay NSW 2030",Watsons Bay,Mon-Sun 8am-4pm,0-99,$$,No,Indoor,Yes,-33.8388,151.281,https://images.unsplash.com/photo-1495474472287-4d71bcdd2085?w=1080&q=80,,Yes
397,Eatery,Cafe,"1 Burroway Road, Wentworth Point NSW 2127",Wentworth Point,"Mon-Fri 7am-3pm, Sat-Sun 7am-3pm",0-99,$$,No,Indoor,Yes,-33.8311,151.0639,https://images.unsplash.com/photo-1495474472287-4d71bcdd2085?w=1080&q=80,,Yes
398,Eatery,Cafe,"23 Thornton Street, Wollongong NSW 2500",Wollongong,Mon-Sun 7am-2pm,0-99,$$,No,Indoor,Yes,-34.4244,150.9011,https://images.unsplash.com/photo-1495474472287-4d71bcdd2085?w=1080&q=80,,Yes
399,Eatery,Ice Cream,"134 Avoca Drive, Avoca Beach NSW 2251",Avoca Beach,Mon-Sun 10am-9pm,0-99,$,N/A,Indoor,Yes,-33.4683,151.4361,https://images.unsplash.com/photo-1501443762994-82bd5dace89a?w=1080&q=80,,Yes
400,Eatery,Ice Cream,"105 Roscoe Street, Bondi Beach NSW 2026",Bondi Beach,"Sun-Thu 12pm-10pm, Fri-Sat 12pm-11pm",0-99,$,N/A,Indoor,Yes,-33.8915,151.2767,https://images.unsplash.com/photo-1501443762994-82bd5dace89a?w=1080&q=80,,Yes
401,Eatery,Ice Cream,"70 Yarranabbe Road, Darling Point NSW 2027",Darling Point,"Sun-Thu 12pm-10pm, Fri-Sat 12pm-11pm",0-99,$,N/A,Indoor,Yes,-33.8714,151.2364,https://images.unsplash.com/photo-1501443762994-82bd5dace89a?w=1080&q=80,,Yes
402,Eatery,Ice Cream,"241 Victoria Street, Darlinghurst NSW 2010",Darlinghurst,"Sun-Thu 12pm-10pm, Fri-Sat 12pm-11pm",0-99,$,N/A,Indoor,Yes,-33.8773,151.2229,https://images.unsplash.com/photo-1501443762994-82bd5dace89a?w=1080&q=80,,No
403,Eatery,Ice Cream,"241 Crown Street, Darlinghurst NSW 2010",Darlinghurst,"Sun-Thu 12pm-10pm, Fri-Sat 12pm-11pm",0-99,$,N/A,Indoor,Yes,-33.8839,151.2155,https://images.unsplash.com/photo-1501443762994-82bd5dace89a?w=1080&q=80,,Yes
404,Eatery,Ice Cream,"18 Knox Street, Double Bay NSW 2028",Double Bay,"Sun-Thu 12pm-10pm, Fri-Sat 12pm-11pm",0-99,$,N/A,Indoor,Yes,-33.878,151.2418,https://images.unsplash.com/photo-1501443762994-82bd5dace89a?w=1080&q=80,,Yes
405,Eatery,Ice Cream,"181 Enmore Road, Enmore NSW 2042",Enmore,Mon-Sun 11am-11pm,0-99,$,N/A,Indoor,Yes,-33.8967,151.1683,https://images.unsplash.com/photo-1501443762994-82bd5dace89a?w=1080&q=80,,Yes
406,Eatery,Ice Cream,"28 Norton Street, Leichhardt NSW 2040",Leichhardt,Mon-Sun 11am-10pm,0-99,$,N/A,Indoor,Yes,-33.8839,151.1572,https://images.unsplash.com/photo-1501443762994-82bd5dace89a?w=1080&q=80,,Yes
407,Eatery,Ice Cream,"24 South Steyne, Manly NSW 2095",Manly,Mon-Sun 10am-9pm,0-99,$,N/A,Indoor,Yes,-33.7997,151.2867,https://images.unsplash.com/photo-1501443762994-82bd5dace89a?w=1080&q=80,,Yes
408,Eatery,Ice Cream,"8 Belgrave Street, Manly NSW 2095",Manly,Mon-Sun 10am-10pm,0-99,$,N/A,Indoor,Yes,-33.7989,151.2861,https://images.unsplash.com/photo-1501443762994-82bd5dace89a?w=1080&q=80,,Yes
409,Eatery,Ice Cream,"87 Macleay Street, Potts Point NSW 2011",Potts Point,Mon-Sun 12pm-10pm,0-99,$,N/A,Indoor,Yes,-33.8736,151.2244,https://images.unsplash.com/photo-1501443762994-82bd5dace89a?w=1080&q=80,,Yes
410,Eatery,Ice Cream,"5 Hickson Road, The Rocks NSW 2000",The Rocks,Mon-Sun 11am-10pm,0-99,$,N/A,Indoor,Yes,-33.8589,151.2089,https://images.unsplash.com/photo-1501443762994-82bd5dace89a?w=1080&q=80,,Yes
411,Eatery,Pub,"491 Kiewa Street, Albury NSW 2640",Albury,"Mon-Sat 11am-12am, Sun 11am-10pm",0-99,$$,Yes - Sunday,Indoor,Yes,-36.0744,146.9133,https://images.unsplash.com/photo-1546726747-421c6d69c929?w=1080&q=80,,Yes
412,Eatery,Pub,"1 Botany Road, Alexandria NSW 2015",Alexandria,"Mon-Sat 11am-12am, Sun 11am-10pm",0-99,$$,Yes - Sunday,Indoor,Yes,-33.9089,151.1956,https://images.unsplash.com/photo-1546726747-421c6d69c929?w=1080&q=80,,Yes
413,Eatery,Pub,"7 Lambert Street, Bathurst NSW 2795",Bathurst,"Mon-Sat 11am-12am, Sun 11am-10pm",0-99,$$,Yes - Sunday,Indoor,Yes,-33.418,149.5775,https://images.unsplash.com/photo-1546726747-421c6d69c929?w=1080&q=80,,Yes
414,Eatery,Pub,"3443 Nelson Bay Road, Bobs Farm NSW 2316",Bobs Farm,Mon-Sun 11am-9pm,0-99,$$,No,Indoor,Yes,-32.7972,151.9786,https://images.unsplash.com/photo-1546726747-421c6d69c929?w=1080&q=80,,Yes
415,Eatery,Pub,"19 Curlewis Street, Bondi NSW 2026",Bondi,"Mon-Sat 11am-12am, Sun 11am-10pm",0-99,$$,Yes - Sunday,Indoor,Yes,-33.8908,151.2735,https://images.unsplash.com/photo-1546726747-421c6d69c929?w=1080&q=80,,Yes
416,Eatery,Pub,"71 Beach Road, Bondi Beach NSW 2026",Bondi Beach,"Mon-Sat 11am-12am, Sun 11am-10pm",0-99,$$,No,Outdoor,Yes,-33.89,151.2703,https://images.unsplash.com/photo-1546726747-421c6d69c929?w=1080&q=80,,No
417,Eatery,Pub,"119 The Grand Parade, Brighton-Le-Sands NSW 2216",Brighton-Le-Sands,"Mon-Sat 11am-12am, Sun 11am-10pm",0-99,$$,Yes - Sunday,Indoor,Yes,-33.9531,151.1542,https://images.unsplash.com/photo-1546726747-421c6d69c929?w=1080&q=80,,Yes
418,Eatery,Pub,"Brunswick Heads Hotel, 4 Mullumbimbi Street, Brunswick Heads NSW 2483",Brunswick Heads,"Mon-Sat 11am-12am, Sun 11am-10pm",0-99,$$,Yes - Sunday,Outdoor,Yes,-28.5408,153.5519,https://images.unsplash.com/photo-1546726747-421c6d69c929?w=1080&q=80,,Yes
419,Eatery,Pub,"Hotel Brunswick, Mullumbimbi Street, Brunswick Heads NSW 2483",Brunswick Heads,"Mon-Sat 11am-12am, Sun 11am-10pm",0-99,$$,Yes - Sunday,Indoor,Yes,-28.5408,153.5519,https://images.unsplash.com/photo-1546726747-421c6d69c929?w=1080&q=80,,Yes
420,Eatery,Pub,"1 Bay Street, Byron Bay NSW 2481",Byron Bay,"Mon-Sat 11am-12am, Sun 11am-10pm",0-99,$$,No,Outdoor,Yes,-28.6431,153.6122,https://images.unsplash.com/photo-1546726747-421c6d69c929?w=1080&q=80,,No
421,Eatery,Pub,"296 Remembrance Driveway, Camden NSW 2570",Camden,"Mon-Sat 11am-12am, Sun 11am-10pm",0-99,$$,Yes - Sunday,Indoor,Yes,-34.05,150.69,https://images.unsplash.com/photo-1546726747-421c6d69c929?w=1080&q=80,,Yes
422,Eatery,Pub,"Tilba Valley Winery, Old Highway, Central Tilba NSW 2546",Central Tilba,Mon-Sun 11am-9pm,0-99,$$,No,Outdoor,Partial,-36.3144,150.0586,https://images.unsplash.com/photo-1546726747-421c6d69c929?w=1080&q=80,,Yes
423,Eatery,Pub,"169 Dolphin Street, Coogee NSW 2034",Coogee,Mon-Sun 8am-12am,0-99,$$,No,Indoor,Yes,-33.9203,151.257,https://images.unsplash.com/photo-1546726747-421c6d69c929?w=1080&q=80,,No
424,Eatery,Pub,"2 Anderson Place, Cottage Point NSW 2084",Cottage Point,Mon-Sun 11am-9pm,0-99,$$,No,Indoor,Yes,-33.6342,151.1828,https://images.unsplash.com/photo-1546726747-421c6d69c929?w=1080&q=80,,Yes
425,Eatery,Pub,"1 Willoughby Road, Crows Nest NSW 2065",Crows Nest,"Mon-Sat 11am-12am, Sun 11am-10pm",0-99,$$,Yes - Sunday,Indoor,Yes,-33.8264,151.2017,https://images.unsplash.com/photo-1546726747-421c6d69c929?w=1080&q=80,,Yes
426,Eatery,Pub,"51 The Esplanade, Ettalong Beach NSW 2257",Ettalong Beach,"Mon-Sat 11am-12am, Sun 11am-10pm",0-99,$$,Yes - Tue-Thu,Outdoor,Yes,-33.5083,151.3433,https://images.unsplash.com/photo-1546726747-421c6d69c929?w=1080&q=80,,Yes
427,Eatery,Pub,"117 Arundel Street, Forest Lodge NSW 2037",Forest Lodge,"Mon-Sat 11am-12am, Sun 11am-10pm",0-99,$$,Yes - Sunday,Indoor,Yes,-33.8839,151.1839,https://images.unsplash.com/photo-1546726747-421c6d69c929?w=1080&q=80,,Yes
428,Eatery,Pub,"27 Arcadia Road, Galston NSW 2159",Galston,"Mon-Sat 11am-12am, Sun 11am-10pm",0-99,$$,Yes - Tue-Thu,Indoor,Yes,-33.65,151.05,https://images.unsplash.com/photo-1546726747-421c6d69c929?w=1080&q=80,,Yes
429,Eatery,Pub,"73 Owen Street, Huskisson NSW 2540",Huskisson,"Mon-Sat 11am-12am, Sun 11am-10pm",0-99,$$,Yes - Sunday,Indoor,Yes,-35.0381,150.6722,https://images.unsplash.com/photo-1546726747-421c6d69c929?w=1080&q=80,,Yes
430,Eatery,Pub,"273 Great Western Highway, Katoomba NSW 2780",Katoomba,"Mon-Sat 11am-12am, Sun 11am-10pm",0-99,$$,Yes - Sunday,Indoor,Yes,-33.7158,150.3122,https://images.unsplash.com/photo-1546726747-421c6d69c929?w=1080&q=80,,Yes
431,Eatery,Pub,"1 Greenwich Road, Killara NSW 2071",Killara,"Mon-Thu 11am-10pm, Fri-Sat 11am-12am, Sun 11am-10pm",0-99,$$,Yes - Mon-Wed,Indoor,Yes,-33.7666,151.1622,https://images.unsplash.com/photo-1546726747-421c6d69c929?w=1080&q=80,,Yes
432,Eatery,Pub,"35-37 Broughton Street, Kirribilli NSW 2061",Kirribilli,"Mon-Sat 11am-12am, Sun 11am-10pm",0-99,$$,Yes - Sunday,Indoor,Yes,-33.8472,151.2117,https://images.unsplash.com/photo-1546726747-421c6d69c929?w=1080&q=80,,Yes
433,Eatery,Pub,"156 Norton Street, Leichhardt NSW 2040",Leichhardt,"Mon-Sat 11am-12am, Sun 11am-10pm",0-99,$$,Yes - Sunday,Indoor,Yes,-33.8839,151.1572,https://images.unsplash.com/photo-1546726747-421c6d69c929?w=1080&q=80,,Yes
434,Eatery,Pub,"East Esplanade, Manly NSW 2095",Manly,"Mon-Sat 11am-12am, Sun 11am-10pm",0-99,$$,No,Indoor,Yes,-33.8,151.2845,https://images.unsplash.com/photo-1546726747-421c6d69c929?w=1080&q=80,,No
435,Eatery,Pub,"75 The Corso, Manly NSW 2095",Manly,"Mon-Sat 11am-12am, Sun 11am-10pm",0-99,$$,Yes - Sunday,Indoor,Yes,-33.7989,151.2861,https://images.unsplash.com/photo-1546726747-421c6d69c929?w=1080&q=80,,Yes
436,Eatery,Pub,"32 Lord Street, Mudgee NSW 2850",Mudgee,"Mon-Sat 11am-12am, Sun 11am-10pm",0-99,$$,Yes - Sunday,Indoor,Yes,-32.5944,149.5867,https://images.unsplash.com/photo-1546726747-421c6d69c929?w=1080&q=80,,Yes
437,Eatery,Pub,"12 Stockton Street, Nelson Bay NSW 2315",Nelson Bay,"Mon-Sat 11am-12am, Sun 11am-10pm",0-99,$$,Yes - Sunday,Outdoor,Yes,-32.7156,152.1517,https://images.unsplash.com/photo-1546726747-421c6d69c929?w=1080&q=80,,Yes
438,Eatery,Pub,"118 Military Road, Neutral Bay NSW 2089",Neutral Bay,"Mon-Sat 11am-12am, Sun 11am-10pm",0-99,$$,No,Outdoor,Yes,-33.833,151.2186,https://images.unsplash.com/photo-1546726747-421c6d69c929?w=1080&q=80,,Yes
439,Eatery,Pub,"Hunter Street, Newcastle NSW 2300",Newcastle,"Mon-Sat 11am-12am, Sun 11am-10pm",0-99,$$,Yes - Sunday,Indoor,Yes,-32.9272,151.7806,https://images.unsplash.com/photo-1546726747-421c6d69c929?w=1080&q=80,,Yes
440,Eatery,Pub,"2 Kalinya Street, Newport NSW 2106",Newport,"Mon-Sat 11am-12am, Sun 11am-10pm",0-99,$$,Yes - Sunday,Indoor,Yes,-33.6594,151.3231,https://images.unsplash.com/photo-1546726747-421c6d69c929?w=1080&q=80,,Yes
441,Eatery,Pub,"145 King Street, Newtown NSW 2042",Newtown,"Mon-Sat 11am-12am, Sun 11am-10pm",0-99,$$,Yes - Sunday,Indoor,Yes,-33.8989,151.1797,https://images.unsplash.com/photo-1546726747-421c6d69c929?w=1080&q=80,,Yes
442,Eatery,Pub,"8 Wallace Street, Nowra NSW 2541",Nowra,"Mon-Sat 11am-12am, Sun 11am-10pm",0-99,$$,Yes - Sunday,Indoor,Yes,-34.8806,150.6017,https://images.unsplash.com/photo-1546726747-421c6d69c929?w=1080&q=80,,Yes
443,Eatery,Pub,"237 Glenmore Road, Paddington NSW 2021",Paddington,"Mon-Sat 11am-12am, Sun 11am-10pm",0-99,$$,Yes - Sunday,Indoor,Yes,-33.8842,151.2289,https://images.unsplash.com/photo-1546726747-421c6d69c929?w=1080&q=80,,Yes
444,Eatery,Pub,"95 Hastings River Drive, Port Macquarie NSW 2444",Port Macquarie,"Mon-Sat 11am-12am, Sun 11am-10pm",0-99,$$,Yes - Sunday,Indoor,Yes,-31.4297,152.9089,https://images.unsplash.com/photo-1546726747-421c6d69c929?w=1080&q=80,,Yes
445,Eatery,Pub,"599 Rocky Point Road, Sans Souci NSW 2219",Sans Souci,"Mon-Sat 11am-12am, Sun 11am-10pm",0-99,$$,Yes - Tue-Thu,Indoor,Yes,-33.9994,151.1339,https://images.unsplash.com/photo-1546726747-421c6d69c929?w=1080&q=80,,Yes
446,Eatery,Pub,"384 Peel Street, Tamworth NSW 2340",Tamworth,"Mon-Sat 11am-12am, Sun 11am-10pm",0-99,$$,Yes - Sunday,Indoor,Yes,-31.0833,150.9333,https://images.unsplash.com/photo-1546726747-421c6d69c929?w=1080&q=80,,Yes
447,Eatery,Pub,"Pine Tree Lane, Terrigal NSW 2260",Terrigal,Mon-Sun 7am-10pm,0-99,$$,No,Indoor,Yes,-33.4475,151.4458,https://images.unsplash.com/photo-1546726747-421c6d69c929?w=1080&q=80,,Yes
448,Eatery,Pub,"79 Fitzmaurice Street, Wagga Wagga NSW 2650",Wagga Wagga,"Mon-Sat 11am-12am, Sun 11am-10pm",0-99,$$,Yes - Sunday,Indoor,Yes,-35.1067,147.3711,https://images.unsplash.com/photo-1546726747-421c6d69c929?w=1080&q=80,,Yes
449,Eatery,Pub,"1 Military Road, Watsons Bay NSW 2030",Watsons Bay,"Mon-Sat 11am-12am, Sun 11am-10pm",0-99,$$,No,Outdoor,Yes,-33.8388,151.281,https://images.unsplash.com/photo-1546726747-421c6d69c929?w=1080&q=80,,No
450,Eatery,Pub,"357 Crown Street, Wollongong NSW 2500",Wollongong,"Mon-Sat 11am-12am, Sun 11am-10pm",0-99,$$,Yes - Sunday,Indoor,Yes,-34.4244,150.8911,https://images.unsplash.com/photo-1546726747-421c6d69c929?w=1080&q=80,,Yes
